order_id,user_id,order_number,order_dow,order_hour_of_day,days_since_prior_order
1,112108,4,4,10,9.0
2,202279,3,5,9,8.0
3,205970,16,5,17,12.0
4,178520,36,1,9,7.0
5,156122,42,6,16,9.0
6,22352,4,1,12,30.0
7,142903,11,2,14,30.0
8,3107,5,4,6,17.0
9,139016,14,0,19,5.0
10,135442,4,6,8,8.0
11,143742,4,1,19,23.0
12,152610,22,6,8,10.0
13,45082,2,6,17,1.0
14,18194,49,3,15,3.0
15,54901,51,3,11,2.0
16,174840,18,3,12,13.0
17,36855,5,6,15,1.0
18,118860,3,4,20,6.0
19,83009,7,5,17,13.0
20,182912,1,6,17,
21,88772,13,2,12,5.0
22,30822,25,1,8,12.0
23,68572,21,1,18,8.0
24,193635,19,0,14,0.0
25,59897,19,6,10,25.0
26,153404,2,0,16,7.0
27,129389,16,6,20,14.0
28,98256,29,3,13,6.0
29,81606,14,5,12,10.0
30,194309,2,3,0,18.0
31,201744,7,6,15,14.0
32,119216,4,1,19,11.0
33,119866,6,1,18,21.0
34,35220,20,3,11,8.0
35,202527,1,1,13,
36,79431,23,6,18,30.0
37,52564,1,4,17,
38,42756,6,6,16,24.0
39,184886,8,5,18,30.0
40,382,29,1,15,23.0
41,85264,20,2,11,21.0
42,89125,11,0,20,3.0
43,39630,14,5,17,4.0
44,183833,3,6,17,1.0
45,37913,55,1,14,0.0
46,10951,3,0,18,18.0
47,191597,6,5,0,15.0
48,172786,5,2,0,30.0
49,79165,14,1,22,7.0
50,94330,25,1,13,4.0
51,160959,6,0,10,7.0
52,27498,18,3,10,1.0
53,87889,5,4,20,3.0
54,91977,2,3,15,30.0
55,127522,8,4,14,5.0
56,41591,8,0,12,2.0
57,34016,1,6,8,
58,150647,9,3,8,7.0
59,137346,8,1,19,11.0
60,66984,9,0,10,6.0
61,12295,2,1,9,7.0
62,189943,4,0,11,7.0
63,122048,21,0,13,4.0
64,5430,8,0,16,6.0
65,26599,9,2,10,11.0
66,83434,15,0,15,5.0
67,5738,4,3,12,6.0
68,96594,3,3,10,30.0
69,115481,16,3,12,3.0
70,128213,2,6,15,4.0
71,69984,20,1,13,11.0
72,199522,11,1,19,25.0
73,152590,13,0,12,0.0
74,3321,31,5,21,14.0
75,106387,1,5,19,
76,75136,5,1,19,30.0
77,91667,19,1,11,5.0
78,96511,3,2,15,15.0
79,197745,94,6,15,3.0
80,190599,16,3,13,7.0
81,186444,15,4,14,9.0
82,83499,20,1,13,3.0
83,41155,7,6,20,20.0
84,21551,36,2,16,5.0
85,4041,25,5,11,7.0
86,166645,9,6,22,4.0
87,155476,6,1,15,4.0
88,102020,4,0,11,7.0
89,105579,47,0,15,2.0
90,43798,14,2,16,13.0
91,5189,54,0,14,3.0
92,56022,13,6,9,6.0
93,130239,15,6,10,19.0
94,40375,5,3,16,8.0
95,187742,39,5,7,5.0
96,17227,7,6,20,30.0
97,175918,13,0,13,27.0
98,56463,41,3,8,14.0
99,108185,2,6,14,11.0
100,62781,1,2,13,
101,18783,33,3,15,6.0
102,4988,8,3,16,30.0
103,16694,4,2,9,8.0
104,4645,8,5,18,3.0
105,178958,27,4,10,30.0
106,161214,10,0,18,30.0
107,141357,33,3,20,6.0
108,184205,4,1,20,1.0
109,86865,20,0,9,17.0
110,73241,1,0,15,
111,102275,6,3,17,25.0
112,125030,5,5,14,26.0
113,128979,2,3,12,30.0
114,91891,1,0,11,
115,124725,13,0,9,8.0
116,119087,25,6,18,0.0
117,75394,15,5,13,8.0
118,136173,20,4,21,3.0
119,25967,5,4,11,4.0
120,23750,11,6,8,10.0
121,93455,30,1,11,4.0
122,127081,16,2,1,5.0
123,99471,17,5,12,6.0
124,69812,15,5,8,30.0
125,66104,21,6,12,5.0
126,66138,4,3,15,11.0
127,43629,8,6,11,3.0
128,7440,92,1,14,3.0
129,169467,7,4,18,3.0
130,16288,1,0,15,
131,34858,42,3,10,2.0
132,147650,10,6,12,30.0
133,162224,50,2,9,2.0
134,15608,7,1,8,30.0
135,55179,13,2,12,6.0
136,184355,12,6,10,6.0
137,187107,9,2,19,30.0
138,197422,20,0,16,7.0
139,146988,10,6,18,7.0
140,67155,13,3,14,20.0
141,88362,32,4,10,3.0
142,8841,43,4,22,9.0
143,130982,7,0,16,7.0
144,179300,4,3,15,30.0
145,49610,1,4,12,
146,21343,43,5,16,7.0
147,181484,16,0,12,20.0
148,41523,27,2,17,5.0
149,51424,8,5,13,1.0
150,126892,4,4,12,2.0
151,191401,15,6,7,7.0
152,103040,12,1,10,7.0
153,24173,4,4,17,4.0
154,73310,68,6,19,0.0
155,97415,8,2,12,2.0
156,111475,7,6,22,20.0
157,13055,37,6,17,3.0
158,24721,8,1,15,30.0
159,16286,38,4,13,3.0
160,181765,9,4,23,5.0
161,88526,11,1,23,19.0
162,198222,8,1,9,5.0
163,115844,16,2,14,0.0
164,184017,20,1,10,8.0
165,162754,4,2,11,12.0
166,39287,9,0,7,4.0
167,17547,7,0,12,30.0
168,117132,18,5,15,2.0
169,22517,3,0,9,14.0
170,182389,7,0,13,14.0
171,204184,2,5,12,30.0
172,30618,17,4,8,8.0
173,73399,29,6,12,7.0
174,53965,25,5,9,4.0
175,10358,42,4,18,2.0
176,4209,7,1,17,16.0
177,48308,27,2,16,8.0
178,971,2,3,11,19.0
179,84068,4,6,18,4.0
180,96385,20,6,19,7.0
181,141062,19,0,16,15.0
182,115892,28,0,11,8.0
183,104879,38,5,9,4.0
184,18409,6,0,19,30.0
185,172793,72,3,1,2.0
186,167393,1,0,16,
187,26978,43,5,16,9.0
188,58122,18,6,11,2.0
189,150723,5,3,16,6.0
190,189157,3,1,13,30.0
191,176417,44,3,2,6.0
192,189954,44,5,14,8.0
193,133810,8,0,11,7.0
194,48052,30,0,13,1.0
195,14264,38,0,16,15.0
196,177113,6,0,16,24.0
197,92707,52,5,20,7.0
198,21336,10,1,9,30.0
199,143951,5,3,10,16.0
200,21425,2,5,22,21.0
201,185440,4,0,15,6.0
202,154766,8,1,8,4.0
203,75564,11,4,14,8.0
204,115481,74,6,9,3.0
205,190709,14,4,14,6.0
206,72973,50,0,9,3.0
207,100208,3,5,14,6.0
208,68303,7,4,13,6.0
209,40286,4,0,17,21.0
210,43756,26,2,22,14.0
211,183969,1,2,14,
212,83727,17,1,6,5.0
213,33094,16,3,18,9.0
214,503,5,0,16,9.0
215,100052,1,1,11,
216,102339,94,5,15,2.0
217,112125,2,0,8,21.0
218,98711,12,0,21,17.0
219,185730,12,0,13,4.0
220,63952,26,3,17,6.0
221,177947,1,5,8,
222,145501,27,1,11,8.0
223,169586,40,0,9,2.0
224,109534,6,0,14,13.0
225,130657,9,1,9,22.0
226,51011,4,0,12,30.0
227,100142,35,1,21,2.0
228,156462,4,1,16,26.0
229,47358,7,0,22,8.0
230,137575,7,2,9,7.0
231,147443,2,1,18,30.0
232,56896,1,6,14,
233,29724,20,4,17,8.0
234,96828,55,1,12,9.0
235,58701,20,5,9,9.0
236,97664,2,0,12,10.0
237,36603,1,2,17,
238,92123,4,6,9,4.0
239,51178,39,4,9,9.0
240,183623,64,3,10,3.0
241,131535,2,2,18,13.0
242,167125,11,4,13,7.0
243,62481,3,2,10,30.0
244,168855,37,6,18,9.0
245,70322,1,4,9,
246,97039,7,3,4,3.0
247,82764,15,5,10,22.0
248,30576,8,5,10,9.0
249,81951,3,6,8,6.0
250,34840,13,1,7,17.0
251,155188,6,1,11,8.0
252,78634,7,3,18,7.0
253,44802,7,2,15,7.0
254,12711,43,6,16,5.0
255,4076,30,0,20,3.0
256,95044,14,5,13,13.0
257,35581,9,6,23,5.0
258,184598,10,1,9,30.0
259,52205,7,1,12,10.0
260,21630,7,5,10,11.0
261,153543,14,0,13,9.0
262,122266,2,5,19,15.0
263,62875,8,1,17,25.0
264,93764,30,5,15,21.0
265,139432,38,0,9,9.0
266,99546,2,5,7,28.0
267,25414,53,0,9,7.0
268,181567,1,5,18,
269,44103,77,0,11,1.0
270,201517,1,3,10,
271,119186,7,0,18,27.0
272,127211,10,5,14,4.0
273,171199,9,0,14,11.0
274,64392,8,2,9,15.0
275,26030,51,1,10,2.0
276,46527,34,6,11,6.0
277,109712,4,0,1,7.0
278,182817,3,6,14,30.0
279,185432,13,0,12,21.0
280,1059,27,1,10,6.0
281,200563,14,2,16,15.0
282,8456,11,0,12,14.0
283,89598,10,1,13,2.0
284,143768,33,4,23,2.0
285,57561,11,5,18,10.0
286,91926,2,1,12,30.0
287,100513,3,1,13,5.0
288,137357,41,2,7,5.0
289,5927,14,0,8,7.0
290,67140,14,0,17,8.0
291,66046,8,4,22,6.0
292,29552,15,3,16,7.0
293,168853,2,4,9,4.0
294,54538,33,0,12,7.0
295,186873,12,2,10,11.0
296,92052,36,1,17,0.0
297,29096,1,0,11,
298,35569,6,5,17,5.0
299,10546,12,2,10,6.0
300,76870,13,6,17,4.0
301,66567,10,0,10,8.0
302,54878,12,5,12,8.0
303,198240,30,3,21,5.0
304,55713,58,1,13,2.0
305,150329,21,3,15,5.0
306,166655,33,2,14,10.0
307,177808,2,4,11,10.0
308,176010,8,0,17,10.0
309,126109,17,5,10,30.0
310,101311,2,3,10,10.0
311,25023,17,2,11,30.0
312,169114,21,4,19,4.0
313,113359,31,6,22,7.0
314,174117,4,5,8,12.0
315,133849,33,2,16,3.0
316,190581,6,1,11,30.0
317,179469,4,0,18,30.0
318,108940,23,4,22,8.0
319,102031,6,4,21,7.0
320,17669,1,1,15,
321,125272,36,1,12,17.0
322,36278,2,1,9,7.0
323,60766,13,4,10,7.0
324,68950,7,4,12,12.0
325,9579,2,3,13,30.0
326,33704,12,3,9,7.0
327,58707,21,6,9,8.0
328,156112,10,1,20,8.0
329,193602,7,6,15,6.0
330,200502,26,4,16,4.0
331,97427,1,6,17,
332,131796,9,6,9,7.0
333,15068,36,4,10,3.0
334,7114,13,0,8,20.0
335,164484,7,5,12,5.0
336,60174,14,2,13,21.0
337,44598,27,1,10,19.0
338,61454,38,3,13,5.0
339,34416,57,2,16,5.0
340,197300,10,6,9,16.0
341,163059,6,1,10,19.0
342,183968,24,2,17,7.0
343,120226,8,2,10,16.0
344,61721,10,4,11,7.0
345,129475,16,2,10,6.0
346,161624,3,6,18,26.0
347,17155,94,1,16,7.0
348,42181,11,2,16,8.0
349,156353,9,3,16,30.0
350,96296,45,3,14,7.0
351,26183,18,5,14,1.0
352,158641,7,2,18,6.0
353,173814,4,4,13,30.0
354,25862,19,5,10,8.0
355,28266,13,1,13,27.0
356,143707,35,2,13,1.0
357,140609,9,5,17,2.0
358,186138,5,5,13,16.0
359,186816,14,2,22,9.0
360,26871,2,2,16,30.0
361,58087,1,2,0,
362,65561,20,4,11,2.0
363,204484,20,5,10,7.0
364,120742,29,2,11,5.0
365,184277,9,2,6,16.0
366,85359,25,0,14,5.0
367,48730,3,4,19,19.0
368,193730,20,2,18,1.0
369,186407,1,2,19,
370,49030,34,6,10,10.0
371,27212,7,2,13,10.0
372,178268,3,5,16,3.0
373,148175,16,6,17,30.0
374,128335,7,2,18,2.0
375,163102,43,4,17,1.0
376,121858,11,5,16,14.0
377,1868,65,1,13,2.0
378,128710,66,5,9,2.0
379,6801,59,5,23,7.0
380,83896,3,5,17,26.0
381,52824,19,0,14,5.0
382,73283,15,2,9,2.0
383,162083,39,6,11,10.0
384,110980,33,3,11,6.0
385,32268,21,6,16,5.0
386,55492,8,0,15,30.0
387,160646,13,1,14,14.0
388,176698,17,0,13,8.0
389,11216,8,4,9,5.0
390,166654,48,0,12,9.0
391,116932,6,1,17,1.0
392,37700,5,3,8,7.0
393,111860,21,6,17,13.0
394,160625,16,5,13,1.0
395,186576,4,3,16,7.0
396,158728,9,0,15,3.0
397,198708,30,1,18,3.0
398,155472,2,2,11,30.0
399,64024,6,2,19,10.0
400,180454,32,0,8,8.0
401,86884,19,1,9,6.0
402,202359,20,5,14,14.0
403,16181,10,5,12,14.0
404,196585,10,5,8,7.0
405,172653,27,6,13,16.0
406,51849,5,5,9,19.0
407,164176,7,3,17,30.0
408,45631,17,1,18,14.0
409,41502,7,1,18,17.0
410,121327,34,2,14,5.0
411,181193,22,4,14,4.0
412,101249,5,3,21,15.0
413,200178,4,0,16,10.0
414,120775,18,5,14,8.0
415,48412,1,4,18,
416,34870,13,4,13,3.0
417,193125,3,6,1,17.0
418,33565,12,0,12,14.0
419,164717,6,3,16,4.0
420,161762,37,2,11,2.0
421,119095,1,0,23,
422,146023,21,5,15,6.0
423,97970,20,4,16,7.0
424,194925,10,2,13,27.0
425,146671,15,1,11,30.0
426,147194,38,5,15,7.0
427,19785,4,1,13,9.0
428,33799,16,4,10,2.0
429,126918,2,0,9,7.0
430,185289,30,5,9,8.0
431,137716,39,1,11,8.0
432,198921,5,3,10,5.0
433,76234,17,1,12,10.0
434,108854,12,5,9,8.0
435,201679,11,2,20,10.0
436,106876,29,6,11,7.0
437,78090,21,0,9,7.0
438,39176,19,4,15,3.0
439,56056,13,3,10,9.0
440,155234,4,0,15,21.0
441,132697,5,1,13,7.0
442,185583,39,2,20,13.0
443,174206,42,1,12,3.0
444,201770,2,5,13,20.0
445,63288,1,6,0,
446,22274,93,5,13,0.0
447,173924,36,4,14,7.0
448,111664,9,5,19,12.0
449,177340,7,3,17,30.0
450,79317,19,1,8,5.0
451,167271,24,2,16,9.0
452,190409,27,2,21,30.0
453,27896,16,0,12,7.0
454,11335,23,1,17,14.0
455,140595,10,1,15,5.0
456,200032,6,0,12,30.0
457,105560,16,1,16,30.0
458,148347,2,2,12,10.0
459,18550,10,1,8,29.0
460,151207,3,5,13,27.0
461,40496,8,0,15,12.0
462,103166,4,5,18,4.0
463,92093,18,1,17,5.0
464,162075,8,6,12,3.0
465,65540,1,1,16,
466,101150,47,3,10,6.0
467,140348,8,6,10,22.0
468,69420,5,1,15,25.0
469,54336,3,5,16,7.0
470,4793,14,5,15,30.0
471,52745,5,6,18,30.0
472,22824,26,2,20,1.0
473,77529,7,6,10,8.0
474,119489,5,3,20,30.0
475,190994,3,0,0,6.0
476,201923,2,5,10,5.0
477,13665,3,4,12,30.0
478,81461,3,0,12,8.0
479,31038,9,2,9,16.0
480,56158,4,4,18,4.0
481,61134,31,5,17,8.0
482,192144,17,5,11,11.0
483,115184,30,1,11,11.0
484,187599,16,3,14,30.0
485,124536,15,3,8,7.0
486,146875,11,2,16,6.0
487,83068,61,0,10,1.0
488,127848,22,1,19,4.0
489,23535,5,2,12,30.0
490,32953,40,1,15,6.0
491,186155,4,3,12,13.0
492,92343,26,2,14,14.0
493,197703,21,5,19,2.0
494,90250,7,6,17,14.0
495,87872,7,2,11,30.0
496,7580,3,5,12,4.0
497,173962,8,0,18,0.0
498,139602,10,1,14,12.0
499,68120,7,6,16,4.0
500,26454,8,0,8,22.0
501,86142,40,2,12,16.0
502,153628,22,5,17,3.0
503,201861,20,3,15,9.0
504,2201,10,3,17,22.0
505,110754,4,1,16,30.0
506,8941,24,3,8,30.0
507,192963,4,3,9,15.0
508,51003,6,5,11,10.0
509,79643,6,1,9,3.0
510,203673,42,0,10,5.0
511,61839,5,6,17,13.0
512,133066,12,2,16,2.0
513,152263,6,0,10,30.0
514,18201,15,4,10,6.0
515,153416,17,1,12,14.0
516,49838,8,3,15,10.0
517,97952,66,0,16,6.0
518,20663,44,0,20,7.0
519,100101,11,2,14,30.0
520,165200,13,3,8,0.0
521,203870,25,2,9,3.0
522,35250,6,1,15,12.0
523,171041,8,5,15,2.0
524,152160,3,6,8,30.0
525,167046,5,2,12,15.0
526,17900,9,0,23,10.0
527,39332,6,2,21,10.0
528,162968,16,5,13,1.0
529,34037,6,4,10,30.0
530,187261,6,2,10,5.0
531,99518,2,6,18,2.0
532,100845,7,2,15,2.0
533,141438,7,6,18,11.0
534,99415,5,4,16,19.0
535,179526,28,5,9,2.0
536,138768,1,1,9,
537,180135,15,2,8,3.0
538,129024,17,0,10,11.0
539,189144,13,1,11,14.0
540,93962,8,0,9,22.0
541,186224,12,2,15,9.0
542,12899,30,1,15,3.0
543,30816,1,0,12,
544,173861,34,5,20,6.0
545,35519,7,0,9,1.0
546,141401,18,2,11,4.0
547,113831,6,4,11,9.0
548,150283,1,4,10,
549,120786,4,2,21,8.0
550,36504,29,5,16,10.0
551,91201,21,1,10,28.0
552,18926,22,4,13,12.0
553,180141,17,1,10,7.0
554,34076,4,2,22,30.0
555,40590,70,2,7,4.0
556,87144,2,4,10,30.0
557,153133,13,3,20,30.0
558,5721,7,1,11,6.0
559,22322,20,1,4,16.0
560,67315,1,6,17,
561,153285,7,1,16,15.0
562,199989,41,3,10,9.0
563,153069,1,3,23,
564,8422,34,6,17,15.0
565,45892,47,5,10,4.0
566,133183,4,1,19,11.0
567,186231,2,2,16,27.0
568,66971,8,2,9,20.0
569,201085,9,2,19,7.0
570,16482,12,3,14,7.0
571,78998,5,1,11,9.0
572,150255,2,4,13,30.0
573,42147,16,1,14,9.0
574,113517,19,6,10,6.0
575,202833,92,4,9,2.0
576,38664,5,1,16,6.0
577,22836,18,3,18,3.0
578,179433,3,6,12,14.0
579,125944,5,0,13,7.0
580,38171,46,3,13,5.0
581,76141,3,6,17,7.0
582,193223,6,2,19,10.0
583,71244,20,4,15,11.0
584,78727,2,6,19,6.0
585,137128,5,0,18,7.0
586,31030,16,2,11,11.0
587,13112,39,2,12,8.0
588,145181,11,2,15,6.0
589,160442,3,1,15,6.0
590,198502,31,4,18,7.0
591,31111,14,5,17,8.0
592,105010,3,0,8,21.0
593,57957,7,1,7,17.0
594,84876,2,1,22,28.0
595,32240,68,4,6,3.0
596,60562,11,0,10,12.0
597,43517,12,1,19,2.0
598,81979,4,6,9,8.0
599,5217,4,1,12,5.0
600,34215,8,2,13,4.0
601,94143,1,6,12,
602,147552,5,4,23,6.0
603,95063,87,6,12,10.0
604,26175,28,1,11,12.0
605,37949,20,1,12,0.0
606,42671,30,2,20,4.0
607,166458,4,0,15,30.0
608,91030,11,3,21,12.0
609,25883,4,2,15,1.0
610,196148,25,0,15,12.0
611,197381,66,5,11,5.0
612,196148,17,1,14,4.0
613,53840,8,6,11,6.0
614,33769,4,5,18,20.0
615,36811,27,6,8,11.0
616,35556,4,6,17,30.0
617,189312,3,1,12,20.0
618,41594,17,1,19,18.0
619,164110,40,1,16,17.0
620,169324,6,5,13,19.0
621,102288,25,1,7,4.0
622,95549,4,0,16,6.0
623,37804,63,3,12,3.0
624,193012,11,1,14,3.0
625,39460,85,1,10,7.0
626,10747,78,3,13,2.0
627,135886,41,4,18,6.0
628,204912,24,4,7,4.0
629,3351,3,3,0,30.0
630,51955,1,0,16,
631,184099,7,3,9,30.0
632,84859,20,3,8,6.0
633,54591,5,1,14,5.0
634,190667,21,0,16,5.0
635,127975,9,0,16,5.0
636,63276,12,5,17,3.0
637,1177,23,5,17,10.0
638,167982,45,6,14,6.0
639,194758,5,1,12,4.0
640,34791,4,6,0,30.0
641,29916,7,2,9,7.0
642,98841,5,1,14,21.0
643,17076,1,0,8,
644,151223,1,5,16,
645,146921,6,2,8,30.0
646,76803,4,1,11,10.0
647,137453,45,3,16,1.0
648,138800,28,6,0,6.0
649,135836,1,4,7,
650,38617,52,6,12,4.0
651,181671,4,5,6,7.0
652,94596,15,5,13,9.0
653,120475,2,2,13,15.0
654,54729,52,5,13,7.0
655,85219,28,3,20,5.0
656,201665,1,3,14,
657,193653,11,2,10,5.0
658,80981,6,2,7,7.0
659,177324,15,5,10,7.0
660,131699,15,5,13,1.0
661,185594,13,1,7,30.0
662,120923,39,3,10,1.0
663,10441,20,5,20,1.0
664,135845,4,0,12,7.0
665,28332,7,6,23,14.0
666,5152,2,5,12,13.0
667,37763,2,3,16,2.0
668,38722,10,1,15,9.0
669,96183,25,3,12,4.0
670,196898,1,5,13,
671,73068,1,1,15,
672,30564,37,6,22,0.0
673,200062,49,0,8,11.0
674,163819,48,1,11,8.0
675,200898,37,6,15,5.0
676,165814,18,0,17,7.0
677,173442,8,2,19,22.0
678,198488,9,1,12,5.0
679,102514,14,4,14,3.0
680,134093,9,3,12,2.0
681,114191,8,1,18,5.0
682,36916,18,6,6,2.0
683,152537,3,0,15,30.0
684,205709,36,0,8,7.0
685,170906,2,1,7,10.0
686,12445,11,2,4,13.0
687,45258,23,6,13,5.0
688,72738,38,2,14,4.0
689,108932,16,1,13,3.0
690,154391,15,5,15,12.0
691,32597,23,1,10,14.0
692,198151,12,0,19,7.0
693,46277,4,5,9,7.0
694,146044,8,2,8,8.0
695,158663,8,0,8,7.0
696,17551,16,2,17,3.0
697,87185,5,0,19,0.0
698,115540,31,5,21,3.0
699,23011,4,2,20,3.0
700,185577,30,1,12,7.0
701,195186,28,2,6,5.0
702,146600,81,3,7,3.0
703,174262,10,5,17,9.0
704,61148,31,0,9,7.0
705,38886,2,5,11,7.0
706,59106,47,3,18,2.0
707,22757,4,5,17,11.0
708,1873,4,0,17,30.0
709,72533,1,5,6,
710,118558,7,1,12,0.0
711,87889,18,1,11,17.0
712,194230,1,4,16,
713,107098,17,4,16,7.0
714,120615,2,3,15,0.0
715,142186,8,0,11,4.0
716,140474,2,6,8,8.0
717,137387,15,0,13,30.0
718,31957,10,1,20,8.0
719,152953,31,1,12,27.0
720,8910,4,6,13,7.0
721,62846,19,1,13,13.0
722,69144,26,0,18,3.0
723,21823,16,3,19,4.0
724,200297,13,2,9,5.0
725,142872,10,1,17,9.0
726,57362,25,2,17,7.0
727,175023,7,1,17,18.0
728,21456,2,1,11,12.0
729,48968,7,1,13,6.0
730,190797,42,3,9,2.0
731,173379,15,0,19,1.0
732,31513,6,5,20,19.0
733,62760,3,5,21,13.0
734,74680,33,1,9,4.0
735,7358,29,6,19,2.0
736,55633,3,1,15,8.0
737,84980,3,1,17,8.0
738,173328,11,1,11,9.0
739,111451,27,5,12,2.0
740,6832,6,4,22,30.0
741,105105,6,2,14,1.0
742,150739,4,0,17,10.0
743,82598,72,3,7,1.0
744,70318,6,5,20,6.0
745,10031,50,5,12,5.0
746,48900,9,0,12,18.0
747,18237,10,1,8,8.0
748,116022,19,0,23,7.0
749,190318,2,1,14,24.0
750,71771,34,5,10,8.0
751,148573,2,5,17,2.0
752,148177,6,3,13,22.0
753,22350,1,3,9,
754,6409,33,6,11,28.0
755,5860,53,3,12,1.0
756,26355,12,6,13,2.0
757,68826,13,4,15,16.0
758,168406,6,5,11,30.0
759,51823,7,5,10,30.0
760,130749,9,3,15,3.0
761,85484,3,1,16,30.0
762,41751,5,6,12,6.0
763,158164,16,5,13,2.0
764,21807,5,6,12,7.0
765,164956,1,0,14,
766,13554,27,1,10,6.0
767,59476,16,0,10,11.0
768,85120,17,0,12,3.0
769,37708,6,4,10,19.0
770,165709,11,4,0,2.0
771,73968,16,0,17,7.0
772,99707,67,4,12,1.0
773,159379,4,2,17,3.0
774,27650,25,0,17,12.0
775,149156,3,5,8,16.0
776,149408,8,0,20,7.0
777,7870,2,6,13,8.0
778,113167,26,0,13,17.0
779,90709,18,1,16,5.0
780,58975,4,1,19,30.0
781,142038,1,2,14,
782,174741,34,2,10,8.0
783,3671,8,6,15,27.0
784,84440,13,0,13,4.0
785,77133,5,0,20,3.0
786,14386,19,0,13,14.0
787,139178,59,5,18,1.0
788,47066,19,2,13,9.0
789,143268,1,4,21,
790,60800,10,4,16,5.0
791,11419,4,3,13,26.0
792,148306,19,2,9,7.0
793,91593,2,1,14,12.0
794,141026,23,0,15,8.0
795,180838,14,5,16,7.0
796,15161,83,5,14,2.0
797,174342,2,4,8,6.0
798,111550,75,3,9,2.0
799,10600,21,5,18,8.0
800,132856,3,5,7,3.0
801,146802,6,6,19,6.0
802,61190,5,6,8,3.0
803,8535,17,5,8,7.0
804,61834,7,5,17,5.0
805,170539,40,0,8,7.0
806,123170,8,1,15,6.0
807,179752,32,3,8,12.0
808,82414,7,3,9,1.0
809,59478,30,2,14,7.0
810,139365,45,6,14,3.0
811,121906,36,5,17,5.0
812,41934,1,0,16,
813,28585,8,4,8,30.0
814,2777,17,0,19,21.0
815,156505,56,6,15,4.0
816,112686,9,0,15,1.0
817,50237,61,4,15,3.0
818,164319,6,3,14,29.0
819,57911,3,5,23,18.0
820,179845,49,2,12,13.0
821,165347,5,6,9,30.0
822,37613,65,2,16,4.0
823,147520,5,3,10,8.0
824,108666,29,0,11,5.0
825,74842,2,2,11,6.0
826,87810,2,3,9,23.0
827,71113,1,3,8,
828,197029,18,1,16,6.0
829,141625,7,1,10,7.0
830,119835,89,0,15,2.0
831,155741,6,6,14,20.0
832,3683,20,0,10,7.0
833,183333,3,6,15,4.0
834,112278,7,5,18,14.0
835,1440,3,2,14,6.0
836,131119,2,5,18,3.0
837,89900,8,6,13,7.0
838,162374,3,6,14,26.0
839,176212,6,0,15,7.0
840,191973,10,5,9,1.0
841,56904,4,4,13,30.0
842,44062,10,6,11,7.0
843,166894,9,5,15,6.0
844,27766,10,6,15,11.0
845,152992,3,5,8,30.0
846,7864,5,4,16,30.0
847,121984,18,4,6,2.0
848,73835,28,0,14,3.0
849,30009,4,2,13,3.0
850,109048,5,6,13,18.0
851,37473,47,2,11,4.0
852,119249,2,5,20,19.0
853,15634,14,5,19,3.0
854,99802,22,5,13,5.0
855,187038,5,2,14,3.0
856,146969,3,1,16,24.0
857,184695,9,1,13,14.0
858,117961,1,6,11,
859,103018,7,6,15,6.0
860,114223,5,1,18,30.0
861,35487,23,3,12,7.0
862,192657,2,6,17,16.0
863,146499,2,5,15,30.0
864,22835,52,4,15,8.0
865,34108,8,6,13,7.0
866,188071,11,3,11,10.0
867,39021,51,3,13,1.0
868,147578,3,6,23,5.0
869,175108,15,0,11,7.0
870,97917,7,0,12,14.0
871,198454,2,0,13,27.0
872,113526,5,6,6,6.0
873,189247,7,0,10,6.0
874,158524,3,0,23,6.0
875,94977,31,1,9,8.0
876,111344,1,3,15,
877,2609,22,5,15,3.0
878,61911,9,2,13,30.0
879,81339,8,2,11,5.0
880,95838,29,4,10,5.0
881,179601,17,4,16,5.0
882,160538,13,5,20,8.0
883,123765,30,3,8,7.0
884,5910,16,3,10,9.0
885,159872,11,0,13,7.0
886,123819,15,0,7,9.0
887,127711,6,5,15,12.0
888,161885,22,3,9,12.0
889,1264,25,1,7,4.0
890,28394,6,4,17,30.0
891,178864,8,2,15,10.0
892,44995,5,5,6,30.0
893,185084,20,2,17,16.0
894,120895,17,2,9,2.0
895,191894,1,6,9,
896,173624,36,1,16,3.0
897,107447,10,2,22,13.0
898,128894,11,6,7,7.0
899,28945,12,3,10,10.0
900,24019,30,1,17,2.0
901,160657,31,1,23,8.0
902,73822,3,4,17,6.0
903,76103,17,3,12,15.0
904,47848,10,4,9,24.0
905,76674,19,5,14,8.0
906,188977,14,6,9,16.0
907,10799,3,4,11,28.0
908,122962,19,0,12,15.0
909,42474,5,4,15,30.0
910,126435,2,0,16,30.0
911,172302,3,2,12,4.0
912,165294,89,4,14,1.0
913,45933,28,2,9,6.0
914,107093,7,1,11,9.0
915,166117,4,1,16,30.0
916,29494,28,0,8,6.0
917,55154,2,1,12,6.0
918,55978,3,3,15,20.0
919,143506,24,4,11,7.0
920,15956,8,1,8,6.0
921,176010,13,1,13,18.0
922,116331,18,2,15,4.0
923,152807,41,2,8,7.0
924,102115,13,2,17,9.0
925,131093,94,1,10,2.0
926,161700,6,2,13,7.0
927,112606,2,1,12,22.0
928,142284,47,3,22,0.0
929,147801,27,3,13,9.0
930,106143,24,6,12,4.0
931,32252,31,1,21,6.0
932,106113,6,1,17,30.0
933,150555,9,2,6,6.0
934,176946,13,0,21,30.0
935,87136,11,4,18,5.0
936,4484,8,1,6,30.0
937,70446,40,4,12,7.0
938,118129,5,0,10,7.0
939,66039,3,1,18,7.0
940,70381,10,5,10,3.0
941,134625,18,0,7,25.0
942,127773,7,5,16,4.0
943,182179,19,5,18,6.0
944,146752,2,0,11,12.0
945,70421,1,4,10,
946,157339,10,2,16,3.0
947,200800,26,2,13,8.0
948,186227,52,1,13,7.0
949,6141,1,3,21,
950,187854,16,1,11,16.0
951,39039,6,0,7,8.0
952,86669,2,4,17,4.0
953,143108,45,6,12,1.0
954,62287,22,6,15,13.0
955,74315,59,0,20,7.0
956,114097,20,6,15,9.0
957,161508,4,1,10,8.0
958,82288,3,1,23,7.0
959,119941,2,6,13,21.0
960,101021,30,5,18,4.0
961,92385,4,2,14,6.0
962,183334,8,1,8,6.0
963,26481,9,0,19,30.0
964,22986,58,0,11,5.0
965,100993,31,0,21,0.0
966,118986,13,5,16,15.0
967,24508,9,0,16,26.0
968,155209,64,5,17,3.0
969,37701,19,0,8,0.0
970,119437,42,0,8,8.0
971,179837,9,4,10,6.0
972,117174,33,5,13,17.0
973,30997,7,1,7,11.0
974,170580,4,1,14,22.0
975,2822,2,1,15,27.0
976,174934,39,0,18,21.0
977,24034,10,6,17,19.0
978,175330,1,5,16,
979,66509,17,6,13,6.0
980,25503,21,1,17,4.0
981,91324,17,5,13,5.0
982,185136,13,1,20,29.0
983,191170,8,6,8,24.0
984,180098,71,4,21,1.0
985,160167,1,6,21,
986,84549,19,2,11,8.0
987,170433,1,4,9,
988,310,100,2,9,4.0
989,119114,12,0,14,8.0
990,61052,7,4,11,30.0
991,53272,19,5,16,26.0
992,133810,57,0,12,4.0
993,63498,22,0,9,13.0
994,132836,22,5,16,30.0
995,192550,7,1,10,7.0
996,132877,1,1,15,
997,65939,9,1,13,15.0
998,51603,10,0,17,15.0
999,71917,23,6,14,6.0
1000,49841,7,1,17,5.0
1001,47475,15,4,16,7.0
1002,95296,62,2,12,4.0
1003,123635,24,2,19,6.0
1004,88278,3,3,13,8.0
1005,108796,11,2,14,6.0
1006,67459,10,3,16,30.0
1007,22926,9,1,16,13.0
1008,22285,7,5,16,11.0
1009,119028,11,3,15,3.0
1010,20038,10,4,14,6.0
1011,187364,6,1,15,21.0
1012,46454,8,0,18,0.0
1013,118749,5,3,15,9.0
1014,29482,23,0,7,12.0
1015,114701,16,0,14,7.0
1016,26337,32,4,13,3.0
1017,64475,4,1,17,7.0
1018,134226,13,2,16,20.0
1019,136972,13,1,9,9.0
1020,92843,12,1,17,4.0
1021,19933,23,3,11,6.0
1022,61516,40,0,12,8.0
1023,80701,6,1,6,2.0
1024,49413,44,5,16,3.0
1025,203202,1,1,16,
1026,176704,36,4,10,6.0
1027,3357,4,6,18,7.0
1028,141075,51,1,8,4.0
1029,171677,2,5,22,7.0
1030,32227,16,6,12,6.0
1031,36181,5,1,19,6.0
1032,164808,18,1,15,30.0
1033,192444,54,4,14,4.0
1034,151837,4,6,7,9.0
1035,50620,7,5,10,10.0
1036,8547,3,0,12,30.0
1037,54482,4,4,12,4.0
1038,14857,18,1,13,13.0
1039,60528,8,5,18,2.0
1040,61895,46,1,7,4.0
1041,144897,28,4,11,10.0
1042,16111,10,1,17,30.0
1043,204335,5,0,16,30.0
1044,133484,2,3,9,14.0
1045,115788,21,1,19,2.0
1046,199182,2,0,12,30.0
1047,102989,26,4,22,3.0
1048,25873,18,5,0,4.0
1049,141585,9,1,20,10.0
1050,65532,32,3,8,12.0
1051,7743,6,0,15,13.0
1052,2262,15,0,19,3.0
1053,178686,39,2,18,4.0
1054,83602,3,4,13,10.0
1055,13127,22,5,20,6.0
1056,36992,11,5,14,30.0
1057,196331,37,0,16,1.0
1058,197113,4,3,9,29.0
1059,161928,25,4,1,1.0
1060,113344,2,4,10,7.0
1061,14868,81,0,11,1.0
1062,155757,3,4,13,8.0
1063,20216,30,1,14,10.0
1064,140753,73,5,11,1.0
1065,41498,4,1,10,14.0
1066,94859,5,1,9,2.0
1067,24305,4,5,12,5.0
1068,25993,22,1,16,13.0
1069,200013,51,1,15,6.0
1070,82320,17,0,12,1.0
1071,98027,5,0,12,13.0
1072,94499,16,1,20,4.0
1073,42550,10,6,9,11.0
1074,73862,4,6,15,30.0
1075,104725,2,3,0,30.0
1076,202347,44,2,11,4.0
1077,173934,11,6,9,10.0
1078,12670,36,5,14,2.0
1079,5692,3,1,19,3.0
1080,165704,15,0,11,4.0
1081,181563,8,0,8,11.0
1082,14777,12,1,17,7.0
1083,107844,5,0,9,6.0
1084,131593,41,0,12,7.0
1085,55911,1,6,16,
1086,80403,40,3,15,12.0
1087,174133,9,3,18,27.0
1088,63293,8,0,11,7.0
1089,6467,7,4,9,4.0
1090,37618,13,4,14,4.0
1091,176408,11,0,16,7.0
1092,129247,88,3,11,3.0
1093,13326,10,3,16,3.0
1094,68325,14,6,15,9.0
1095,51753,27,1,13,12.0
1096,13596,4,6,13,7.0
1097,30502,5,4,0,8.0
1098,110045,23,5,15,6.0
1099,199528,10,0,17,4.0
1100,122937,7,6,22,12.0
1101,203271,11,3,7,4.0
1102,108891,16,3,12,2.0
1103,1263,9,1,13,4.0
1104,112717,7,1,11,7.0
1105,76173,3,6,9,6.0
1106,69483,54,6,17,2.0
1107,38259,2,1,11,7.0
1108,14437,23,5,16,2.0
1109,46701,8,4,9,4.0
1110,106082,17,2,14,13.0
1111,125205,12,0,9,6.0
1112,127160,26,1,20,7.0
1113,111083,1,3,20,
1114,52459,20,3,10,8.0
1115,168014,15,6,14,30.0
1116,13337,11,0,17,1.0
1117,150553,4,2,13,20.0
1118,14043,5,2,19,14.0
1119,129386,7,1,14,17.0
1120,119791,9,0,8,30.0
1121,84047,68,4,22,7.0
1122,80261,5,2,9,9.0
1123,163333,10,2,9,8.0
1124,51359,3,0,12,18.0
1125,138241,2,4,12,3.0
1126,43502,28,3,11,5.0
1127,81669,14,4,14,4.0
1128,106424,5,5,14,30.0
1129,180877,3,1,13,21.0
1130,133088,22,5,13,5.0
1131,69580,21,0,21,30.0
1132,2590,14,3,12,5.0
1133,85829,6,6,2,27.0
1134,47494,13,0,20,1.0
1135,201623,70,2,7,3.0
1136,175771,18,1,16,8.0
1137,77155,4,2,20,9.0
1138,78752,5,3,16,10.0
1139,34221,4,5,7,30.0
1140,131110,8,3,18,23.0
1141,53240,1,5,16,
1142,34005,7,4,12,16.0
1143,79725,11,0,12,30.0
1144,124092,5,2,7,2.0
1145,127134,10,5,9,7.0
1146,79754,11,1,12,5.0
1147,128678,4,0,13,30.0
1148,81628,2,1,10,13.0
1149,60219,25,0,13,5.0
1150,108845,19,0,20,11.0
1151,187873,1,0,1,
1152,186478,5,6,14,30.0
1153,73225,1,6,11,
1154,6418,1,3,14,
1155,103747,22,1,13,12.0
1156,21237,29,3,17,4.0
1157,7404,9,6,12,15.0
1158,27661,16,5,20,7.0
1159,196665,31,0,10,7.0
1160,191063,15,1,16,3.0
1161,89207,7,2,14,30.0
1162,38668,1,0,12,
1163,114666,3,1,12,14.0
1164,140309,3,5,19,6.0
1165,111853,34,5,19,0.0
1166,105479,2,4,9,2.0
1167,86465,9,3,8,7.0
1168,155694,4,2,14,30.0
1169,200005,12,4,12,7.0
1170,113888,16,1,23,9.0
1171,100330,20,1,13,11.0
1172,170987,6,4,14,27.0
1173,20829,9,5,9,21.0
1174,80784,12,2,17,4.0
1175,63409,14,2,10,8.0
1176,172748,55,4,20,3.0
1177,196941,69,5,9,2.0
1178,77725,10,4,14,4.0
1179,45417,6,1,10,7.0
1180,56995,1,1,8,
1181,201081,9,4,16,10.0
1182,126186,7,5,11,17.0
1183,110064,8,6,12,0.0
1184,96952,9,3,13,6.0
1185,112181,1,5,18,
1186,95557,23,4,13,3.0
1187,15447,63,5,11,4.0
1188,59458,20,2,13,8.0
1189,164145,12,4,18,8.0
1190,83869,32,1,12,7.0
1191,166469,2,4,15,30.0
1192,194861,31,0,8,7.0
1193,113928,12,4,21,9.0
1194,26422,7,2,13,20.0
1195,129559,4,6,8,30.0
1196,89379,40,2,12,13.0
1197,69335,3,3,9,30.0
1198,69160,14,2,22,8.0
1199,204652,3,1,16,8.0
1200,38930,6,2,16,2.0
1201,19259,13,0,16,6.0
1202,111802,40,3,19,9.0
1203,166982,5,1,13,21.0
1204,185641,34,6,13,3.0
1205,132844,21,3,10,15.0
1206,53103,12,4,12,4.0
1207,36502,10,0,9,3.0
1208,194615,51,4,9,12.0
1209,142019,14,5,15,17.0
1210,153514,6,5,10,2.0
1211,152029,7,3,10,10.0
1212,41479,8,0,13,8.0
1213,64231,4,3,8,11.0
1214,70910,7,0,11,7.0
1215,150599,3,3,19,7.0
1216,20038,18,0,11,7.0
1217,117203,10,1,15,7.0
1218,18633,14,6,9,11.0
1219,191465,24,2,9,3.0
1220,23475,3,0,17,26.0
1221,97218,16,4,14,5.0
1222,39727,3,1,15,30.0
1223,114503,4,0,14,7.0
1224,104061,23,2,18,11.0
1225,108832,1,4,16,
1226,111926,42,1,8,9.0
1227,147834,96,2,17,3.0
1228,156064,43,1,13,5.0
1229,69588,7,0,13,26.0
1230,21240,22,2,17,6.0
1231,14895,1,1,15,
1232,138638,9,4,16,28.0
1233,121701,19,5,18,11.0
1234,161232,17,6,8,1.0
1235,6362,8,4,20,28.0
1236,37424,4,2,19,30.0
1237,83923,34,3,11,7.0
1238,77115,4,1,11,8.0
1239,72163,6,6,20,30.0
1240,49898,1,2,15,
1241,125220,1,0,12,
1242,78359,17,3,6,5.0
1243,158320,16,2,12,7.0
1244,205990,6,0,17,9.0
1245,101396,4,2,16,30.0
1246,92814,8,3,15,4.0
1247,148375,97,3,7,3.0
1248,15959,9,4,22,30.0
1249,92967,40,0,20,6.0
1250,34535,44,4,14,6.0
1251,80605,29,6,9,4.0
1252,60527,30,0,19,3.0
1253,148510,6,6,17,10.0
1254,152654,7,6,10,3.0
1255,39509,34,4,19,0.0
1256,169792,12,1,12,25.0
1257,163259,8,6,16,15.0
1258,132581,25,4,19,16.0
1259,100859,6,3,18,13.0
1260,38720,81,1,13,1.0
1261,172867,7,5,14,30.0
1262,174680,12,3,19,30.0
1263,85477,5,2,21,30.0
1264,39643,1,0,13,
1265,12016,1,2,21,
1266,193104,30,5,17,26.0
1267,88994,18,4,9,28.0
1268,148618,26,6,8,13.0
1269,163790,16,3,12,30.0
1270,197432,5,5,14,14.0
1271,189408,71,2,10,9.0
1272,179790,36,2,16,9.0
1273,155496,8,5,7,14.0
1274,6482,10,1,19,0.0
1275,10125,5,0,12,30.0
1276,145407,8,1,7,14.0
1277,32227,7,5,16,30.0
1278,78529,2,2,10,6.0
1279,162093,6,4,11,16.0
1280,176046,12,4,9,17.0
1281,73523,7,3,22,0.0
1282,170010,4,6,13,8.0
1283,45006,10,6,11,10.0
1284,114804,32,5,8,6.0
1285,46511,19,6,16,7.0
1286,203218,2,1,12,16.0
1287,163734,8,0,20,30.0
1288,77872,12,3,7,9.0
1289,116573,3,6,17,30.0
1290,157907,31,5,10,10.0
1291,111743,3,5,14,6.0
1292,169988,7,4,19,5.0
1293,10291,27,3,13,12.0
1294,72038,9,6,10,27.0
1295,138586,29,1,13,4.0
1296,135521,5,1,10,30.0
1297,152931,18,2,11,14.0
1298,134604,68,6,11,3.0
1299,46546,21,3,18,5.0
1300,29456,6,4,9,20.0
1301,125432,28,6,12,7.0
1302,159695,9,3,11,7.0
1303,87534,20,1,10,13.0
1304,122717,4,0,10,30.0
1305,60067,28,1,11,11.0
1306,72084,6,4,16,6.0
1307,179610,8,4,15,26.0
1308,79059,1,5,10,
1309,115961,55,3,9,5.0
1310,29697,4,1,12,5.0
1311,67149,6,6,10,30.0
1312,70217,45,1,8,5.0
1313,94499,31,0,16,4.0
1314,9221,22,5,10,1.0
1315,79651,19,4,16,0.0
1316,29227,30,3,15,7.0
1317,174943,5,3,15,30.0
1318,158476,17,5,16,30.0
1319,80745,48,0,16,9.0
1320,66771,11,0,10,7.0
1321,143316,7,2,11,12.0
1322,125652,14,5,17,11.0
1323,174389,16,1,20,11.0
1324,8747,72,4,12,5.0
1325,171686,31,3,17,4.0
1326,17575,8,6,7,30.0
1327,187653,3,4,9,25.0
1328,186493,14,5,10,7.0
1329,45517,1,3,15,
1330,46800,5,6,18,2.0
1331,100835,1,0,10,
1332,125171,29,1,23,0.0
1333,103354,15,3,7,12.0
1334,36783,21,2,13,30.0
1335,96497,100,1,12,4.0
1336,194762,29,5,8,7.0
1337,12918,10,2,13,7.0
1338,144129,13,6,11,24.0
1339,86619,24,1,18,0.0
1340,199892,13,5,12,24.0
1341,90996,43,0,13,0.0
1342,156818,32,3,8,30.0
1343,52751,1,1,20,
1344,37606,13,2,12,4.0
1345,112526,18,4,17,4.0
1346,195762,34,6,13,13.0
1347,173871,4,5,21,21.0
1348,44705,30,6,11,4.0
1349,134597,53,5,14,6.0
1350,71899,6,4,9,10.0
1351,109537,17,6,17,16.0
1352,50436,37,4,17,3.0
1353,167461,15,1,7,10.0
1354,188187,4,4,14,1.0
1355,190207,8,6,13,28.0
1356,122803,3,1,9,30.0
1357,166021,18,6,12,9.0
1358,107575,22,4,12,1.0
1359,13141,35,5,18,9.0
1360,176108,36,2,20,8.0
1361,92817,4,3,10,11.0
1362,68123,8,4,18,16.0
1363,43813,1,2,13,
1364,178395,14,0,20,6.0
1365,43039,7,5,20,25.0
1366,32257,16,2,10,7.0
1367,128559,44,3,19,2.0
1368,190433,40,1,8,1.0
1369,53694,25,6,19,4.0
1370,44922,2,4,17,10.0
1371,60126,34,1,20,7.0
1372,182641,18,0,19,14.0
1373,194440,14,4,9,7.0
1374,139982,1,5,18,
1375,5801,16,1,17,6.0
1376,45746,54,4,9,4.0
1377,118227,29,2,19,1.0
1378,56008,6,1,19,27.0
1379,193796,7,2,17,14.0
1380,204007,5,1,17,22.0
1381,10627,4,6,16,4.0
1382,175765,14,3,13,7.0
1383,164019,5,4,1,30.0
1384,198120,32,3,13,4.0
1385,121055,38,1,11,4.0
1386,9479,3,1,14,13.0
1387,161686,32,5,9,5.0
1388,32317,1,3,10,
1389,82330,1,3,12,
1390,97659,24,0,12,0.0
1391,170261,1,1,7,
1392,174573,16,1,17,6.0
1393,153351,2,2,9,7.0
1394,114413,7,5,22,21.0
1395,98343,10,2,16,9.0
1396,146361,79,6,16,1.0
1397,104508,32,4,17,6.0
1398,94384,72,5,13,1.0
1399,156311,66,3,7,3.0
1400,75362,38,4,15,2.0
1401,86754,5,0,13,21.0
1402,48256,2,6,13,14.0
1403,178298,1,6,13,
1404,112580,31,2,17,9.0
1405,142567,8,4,18,30.0
1406,8018,2,6,18,30.0
1407,189234,5,6,14,29.0
1408,55539,19,6,22,30.0
1409,146361,35,1,16,4.0
1410,93305,16,0,13,17.0
1411,187029,8,0,19,7.0
1412,165375,47,4,15,9.0
1413,75313,9,2,14,8.0
1414,187458,6,0,15,30.0
1415,180454,8,0,17,7.0
1416,100150,3,0,17,7.0
1417,142040,5,0,11,30.0
1418,59789,17,4,9,6.0
1419,59784,6,6,16,8.0
1420,77929,11,1,10,5.0
1421,142664,14,3,12,6.0
1422,58971,32,0,12,10.0
1423,162029,19,3,0,2.0
1424,21469,25,4,16,2.0
1425,2593,4,1,14,7.0
1426,205267,21,5,14,6.0
1427,18981,13,1,13,30.0
1428,71422,4,5,10,7.0
1429,107922,2,0,11,14.0
1430,9615,17,5,10,7.0
1431,10580,8,1,19,1.0
1432,185488,19,6,13,14.0
1433,9063,1,2,19,
1434,127049,24,5,8,3.0
1435,178562,6,6,16,6.0
1436,110273,10,0,13,7.0
1437,85028,33,1,12,30.0
1438,6020,17,6,18,30.0
1439,76205,26,0,12,5.0
1440,82537,71,5,12,2.0
1441,34094,3,3,18,30.0
1442,155567,9,0,22,6.0
1443,183475,6,4,17,3.0
1444,19038,35,1,11,13.0
1445,7983,4,2,20,30.0
1446,169586,24,5,13,0.0
1447,164732,76,4,12,1.0
1448,80879,27,5,13,3.0
1449,55044,8,3,14,9.0
1450,136645,15,3,11,8.0
1451,110141,30,3,8,2.0
1452,72231,16,2,22,15.0
1453,70298,11,1,10,6.0
1454,90856,5,2,17,2.0
1455,31562,3,0,18,21.0
1456,152979,9,5,14,30.0
1457,111984,1,3,13,
1458,2237,10,4,16,18.0
1459,98882,9,3,16,10.0
1460,130694,8,5,9,30.0
1461,39929,31,5,6,6.0
1462,191343,10,2,18,30.0
1463,176646,7,0,14,6.0
1464,138304,33,0,13,7.0
1465,92748,11,3,12,14.0
1466,85283,1,0,12,
1467,109873,1,2,13,
1468,163023,7,0,17,30.0
1469,137342,5,3,18,16.0
1470,96650,10,1,17,7.0
1471,36602,16,1,13,7.0
1472,59796,19,3,7,9.0
1473,31787,5,5,14,30.0
1474,51308,16,2,23,9.0
1475,27642,12,1,16,15.0
1476,172032,18,6,17,30.0
1477,99863,8,2,14,4.0
1478,108771,15,5,16,5.0
1479,42986,2,6,0,7.0
1480,203085,75,0,16,3.0
1481,184048,17,3,12,8.0
1482,149909,21,2,10,7.0
1483,90,31,3,13,5.0
1484,54292,25,5,14,8.0
1485,187589,22,5,20,11.0
1486,94732,2,2,13,30.0
1487,189003,16,4,16,3.0
1488,155478,1,6,18,
1489,102380,4,4,10,14.0
1490,16592,35,2,12,9.0
1491,137989,8,6,20,9.0
1492,120319,3,1,18,30.0
1493,132566,36,1,11,30.0
1494,149859,14,5,22,1.0
1495,16916,1,1,11,
1496,132057,17,1,10,15.0
1497,178918,31,2,12,8.0
1498,27801,40,5,12,6.0
1499,86383,52,2,10,4.0
1500,162652,8,4,12,7.0
1501,37187,5,0,11,30.0
1502,175768,13,0,14,14.0
1503,199594,4,1,14,15.0
1504,22698,29,2,8,8.0
1505,90807,10,0,18,27.0
1506,6344,10,4,14,12.0
1507,102992,3,2,15,7.0
1508,201034,14,4,17,0.0
1509,2335,31,6,19,7.0
1510,168737,4,3,13,5.0
1511,191124,11,5,9,5.0
1512,18327,12,5,19,5.0
1513,145723,7,4,9,10.0
1514,88884,7,2,9,11.0
1515,176736,16,1,18,9.0
1516,195392,23,2,12,7.0
1517,60778,7,5,16,3.0
1518,163322,24,4,16,3.0
1519,114634,13,6,15,5.0
1520,787,29,5,13,12.0
1521,169266,6,3,19,2.0
1522,105601,18,2,10,23.0
1523,11852,2,2,20,21.0
1524,131121,8,6,17,21.0
1525,4477,34,2,10,4.0
1526,43322,1,5,11,
1527,66005,9,0,14,4.0
1528,199969,1,4,7,
1529,175365,41,5,13,3.0
1530,80107,4,0,15,7.0
1531,155246,52,5,0,6.0
1532,37578,3,3,7,14.0
1533,187706,18,1,6,5.0
1534,26727,7,6,8,7.0
1535,40828,22,1,13,3.0
1536,205442,38,5,12,10.0
1537,51227,37,1,11,11.0
1538,74642,51,2,22,6.0
1539,13531,38,6,12,3.0
1540,194440,40,4,9,7.0
1541,85740,3,5,17,3.0
1542,142152,7,6,22,6.0
1543,11496,9,6,17,4.0
1544,196626,1,0,13,
1545,110844,65,1,9,6.0
1546,115333,4,1,8,7.0
1547,13607,48,5,5,4.0
1548,79493,14,6,15,16.0
1549,12300,34,0,17,8.0
1550,122376,27,4,10,24.0
1551,79812,3,4,19,30.0
1552,66012,27,4,13,3.0
1553,69580,6,3,16,30.0
1554,31417,3,0,9,10.0
1555,109247,2,3,10,10.0
1556,64194,5,6,17,6.0
1557,129488,69,2,15,9.0
1558,28999,48,4,8,4.0
1559,18606,26,6,19,1.0
1560,7334,19,6,7,7.0
1561,46866,5,0,17,4.0
1562,35150,32,0,9,28.0
1563,1417,1,6,10,
1564,121757,10,5,10,9.0
1565,24659,76,2,19,3.0
1566,182964,3,1,17,30.0
1567,22068,14,5,10,26.0
1568,10241,62,0,21,1.0
1569,66250,45,3,7,10.0
1570,191729,19,5,7,13.0
1571,102719,32,2,17,16.0
1572,135489,15,1,19,9.0
1573,79672,2,3,15,12.0
1574,60966,13,2,13,8.0
1575,45211,13,6,15,4.0
1576,200156,64,0,10,3.0
1577,143768,48,3,15,4.0
1578,50836,30,4,13,10.0
1579,94042,11,5,15,0.0
1580,132282,38,4,18,6.0
1581,170941,17,0,11,6.0
1582,7658,84,6,12,1.0
1583,83089,6,4,8,4.0
1584,117349,10,5,16,20.0
1585,98303,18,5,12,10.0
1586,31204,14,5,13,10.0
1587,183146,31,3,13,0.0
1588,100863,11,1,15,22.0
1589,159091,6,4,14,3.0
1590,158572,13,1,11,8.0
1591,188528,31,2,17,6.0
1592,143024,32,4,19,2.0
1593,4730,7,6,17,0.0
1594,186051,2,0,10,8.0
1595,34349,2,1,13,3.0
1596,3758,4,0,8,5.0
1597,137611,5,1,8,4.0
1598,113871,5,1,6,5.0
1599,144697,15,6,22,7.0
1600,164724,23,3,14,11.0
1601,32459,8,0,14,30.0
1602,119134,47,4,14,6.0
1603,50921,4,4,17,8.0
1604,123307,5,6,20,7.0
1605,150640,6,4,15,6.0
1606,65240,9,3,14,3.0
1607,78296,79,2,16,1.0
1608,47784,8,3,11,7.0
1609,88107,9,3,8,27.0
1610,94532,15,5,8,11.0
1611,168006,2,3,2,17.0
1612,75209,19,2,9,3.0
1613,109669,18,1,13,4.0
1614,142031,1,3,19,
1615,196836,22,1,15,1.0
1616,125313,11,2,17,30.0
1617,49373,42,0,13,6.0
1618,11529,28,6,19,2.0
1619,137624,3,4,20,15.0
1620,157320,17,5,13,8.0
1621,10592,21,4,15,4.0
1622,70455,14,4,13,15.0
1623,188671,3,2,6,8.0
1624,117127,12,4,19,4.0
1625,110120,26,1,16,3.0
1626,137115,8,0,10,30.0
1627,16429,12,1,11,10.0
1628,163198,10,1,0,30.0
1629,74166,17,4,20,6.0
1630,74449,23,1,13,10.0
1631,166086,2,3,21,30.0
1632,59616,12,0,8,11.0
1633,97459,30,2,13,1.0
1634,107244,11,4,20,28.0
1635,153471,52,5,17,3.0
1636,126755,15,3,11,9.0
1637,179123,15,6,3,30.0
1638,8189,5,5,18,30.0
1639,175635,14,2,13,9.0
1640,82365,15,2,20,3.0
1641,76380,2,6,10,13.0
1642,19963,7,2,11,10.0
1643,201201,10,2,20,13.0
1644,55626,63,2,17,2.0
1645,193398,18,1,6,7.0
1646,142095,18,5,11,7.0
1647,147879,9,2,17,10.0
1648,190592,55,4,11,8.0
1649,44563,13,4,20,5.0
1650,187118,17,2,7,5.0
1651,187431,17,3,19,3.0
1652,133016,9,3,17,5.0
1653,5326,3,2,13,17.0
1654,71492,12,3,10,8.0
1655,33650,37,0,19,6.0
1656,18374,3,2,17,2.0
1657,49017,11,1,14,14.0
1658,182652,29,2,15,1.0
1659,51656,3,3,11,15.0
1660,83860,33,5,7,15.0
1661,56927,2,5,10,8.0
1662,2565,7,5,14,13.0
1663,91147,27,4,15,14.0
1664,178761,24,2,14,14.0
1665,18795,4,4,20,30.0
1666,174277,3,4,16,4.0
1667,15514,4,0,21,30.0
1668,188781,30,1,21,5.0
1669,81372,13,2,10,1.0
1670,123992,4,0,17,30.0
1671,153367,3,0,23,14.0
1672,123292,21,6,10,8.0
1673,153075,59,3,12,12.0
1674,77290,4,1,9,30.0
1675,204726,5,6,14,17.0
1676,117084,13,1,19,8.0
1677,184962,2,4,11,10.0
1678,39449,8,0,22,18.0
1679,169585,3,0,13,1.0
1680,91052,12,3,17,13.0
1681,157226,26,0,19,6.0
1682,145005,7,2,12,30.0
1683,92426,2,1,22,1.0
1684,125988,1,5,21,
1685,203714,5,6,21,13.0
1686,34239,11,3,11,5.0
1687,203687,3,4,17,30.0
1688,164785,5,2,18,2.0
1689,194824,27,0,8,30.0
1690,113090,20,2,17,6.0
1691,71296,18,0,9,20.0
1692,137276,79,2,10,1.0
1693,147770,22,4,8,30.0
1694,20468,8,3,13,16.0
1695,62033,19,1,16,2.0
1696,173524,4,1,16,8.0
1697,81826,6,3,15,30.0
1698,65685,5,1,14,8.0
1699,6126,8,1,10,7.0
1700,153866,8,1,21,11.0
1701,77026,26,2,18,6.0
1702,190184,4,0,19,7.0
1703,142945,16,2,19,14.0
1704,119480,20,6,11,13.0
1705,162572,12,5,20,13.0
1706,41457,23,2,9,9.0
1707,27921,2,2,2,30.0
1708,194166,13,2,7,0.0
1709,147989,1,4,16,
1710,134790,7,3,14,2.0
1711,58935,7,1,16,30.0
1712,6766,1,2,16,
1713,116377,4,0,14,3.0
1714,80813,3,6,14,2.0
1715,17029,17,5,15,13.0
1716,97479,11,4,21,7.0
1717,59403,31,6,14,1.0
1718,198165,42,0,16,4.0
1719,137464,9,3,6,2.0
1720,193372,24,1,11,14.0
1721,178733,52,5,13,3.0
1722,89349,49,1,10,6.0
1723,185565,13,2,10,30.0
1724,85903,15,0,18,7.0
1725,117797,1,3,10,
1726,54902,39,6,13,3.0
1727,8326,4,4,17,10.0
1728,127913,7,6,17,21.0
1729,104373,1,0,13,
1730,86219,35,3,11,4.0
1731,169302,10,6,14,4.0
1732,115329,1,5,14,
1733,91077,7,2,18,1.0
1734,85714,59,2,16,8.0
1735,25388,9,0,18,0.0
1736,203868,4,1,4,5.0
1737,143145,9,6,12,30.0
1738,60363,9,6,13,6.0
1739,121169,2,6,18,30.0
1740,73832,9,4,17,19.0
1741,175546,4,5,15,30.0
1742,64225,30,2,11,8.0
1743,79430,12,1,14,4.0
1744,20509,14,1,14,12.0
1745,35314,31,0,15,9.0
1746,145676,2,1,20,7.0
1747,107937,6,5,12,6.0
1748,181833,2,5,6,30.0
1749,104366,1,1,8,
1750,111555,13,5,12,5.0
1751,124893,20,1,18,7.0
1752,37879,5,6,12,5.0
1753,65159,2,5,2,30.0
1754,46345,24,5,10,8.0
1755,71438,15,2,22,20.0
1756,98678,15,5,6,3.0
1757,196766,2,0,10,30.0
1758,112965,24,4,20,8.0
1759,17967,3,1,19,17.0
1760,90654,81,2,8,5.0
1761,90460,13,1,16,8.0
1762,11323,6,3,17,5.0
1763,136057,7,2,17,15.0
1764,152780,12,3,14,19.0
1765,176570,3,0,13,30.0
1766,16356,3,4,22,10.0
1767,168641,41,6,12,3.0
1768,138640,4,3,19,3.0
1769,40125,7,0,3,30.0
1770,678,18,3,13,12.0
1771,197022,8,0,15,8.0
1772,112733,4,0,13,30.0
1773,179548,93,5,8,7.0
1774,10988,1,0,15,
1775,4974,20,0,9,8.0
1776,153516,82,2,15,3.0
1777,56604,29,5,7,3.0
1778,12407,35,1,8,6.0
1779,192691,5,1,17,11.0
1780,59211,24,0,14,30.0
1781,54977,3,4,9,11.0
1782,40874,5,6,19,30.0
1783,13623,1,1,10,
1784,53551,7,0,10,6.0
1785,167806,11,5,8,8.0
1786,47819,1,1,13,
1787,99819,3,4,18,30.0
1788,95646,58,1,11,9.0
1789,105402,5,5,10,9.0
1790,146644,23,4,13,19.0
1791,87717,18,0,8,4.0
1792,202885,16,0,13,8.0
1793,84929,7,3,10,30.0
1794,192010,2,5,0,9.0
1795,14221,31,1,15,6.0
1796,122449,6,1,14,10.0
1797,109393,47,2,8,4.0
1798,188659,84,5,8,6.0
1799,30165,12,4,13,2.0
1800,21061,18,1,9,14.0
1801,94998,4,6,16,14.0
1802,202754,47,6,19,5.0
1803,101758,12,4,20,10.0
1804,144904,15,1,11,5.0
1805,158441,18,1,16,5.0
1806,49186,59,4,12,0.0
1807,178252,31,3,14,1.0
1808,59974,26,3,7,13.0
1809,130567,13,5,12,21.0
1810,170591,56,0,17,6.0
1811,176869,16,4,7,7.0
1812,74942,5,6,13,1.0
1813,73258,17,6,22,7.0
1814,188008,28,3,9,12.0
1815,143153,7,4,10,6.0
1816,116543,4,1,14,8.0
1817,89470,12,6,6,6.0
1818,86500,4,1,15,2.0
1819,147752,3,3,18,24.0
1820,176776,8,4,11,3.0
1821,68263,6,5,18,5.0
1822,181815,20,3,14,16.0
1823,5591,2,2,15,30.0
1824,140567,25,0,14,15.0
1825,13517,24,1,16,8.0
1826,197433,2,0,0,30.0
1827,146241,9,5,13,3.0
1828,28679,8,1,15,6.0
1829,205787,37,2,15,7.0
1830,113090,36,2,8,4.0
1831,205228,19,2,19,11.0
1832,184224,34,5,12,15.0
1833,97401,9,1,10,2.0
1834,3626,35,2,8,11.0
1835,24706,22,0,9,18.0
1836,199311,4,1,15,9.0
1837,81346,7,6,20,14.0
1838,18244,1,3,14,
1839,43844,49,3,17,3.0
1840,149683,16,0,1,7.0
1841,155059,11,6,19,2.0
1842,46931,10,1,8,8.0
1843,3051,2,0,12,30.0
1844,68632,45,3,11,8.0
1845,164589,25,3,15,10.0
1846,172900,42,3,22,13.0
1847,116261,69,6,17,2.0
1848,155412,68,3,22,2.0
1849,170096,85,2,15,2.0
1850,8359,35,2,16,4.0
1851,30038,8,3,10,14.0
1852,150812,2,0,11,4.0
1853,102974,7,0,14,3.0
1854,85331,6,2,20,30.0
1855,126787,3,1,13,1.0
1856,37762,19,1,11,7.0
1857,148452,17,0,16,6.0
1858,196758,8,5,15,6.0
1859,87634,23,1,8,11.0
1860,111396,27,3,9,3.0
1861,149045,19,0,11,6.0
1862,153226,9,4,11,3.0
1863,163329,11,6,10,7.0
1864,69138,17,2,17,8.0
1865,7258,9,5,12,30.0
1866,28827,2,5,20,1.0
1867,17054,11,3,19,18.0
1868,27568,4,1,5,8.0
1869,104439,8,1,21,3.0
1870,84498,2,2,15,10.0
1871,104737,9,0,22,23.0
1872,204721,7,1,16,3.0
1873,34715,6,0,14,12.0
1874,149074,35,1,17,1.0
1875,18632,10,3,10,0.0
1876,99220,8,1,10,30.0
1877,61494,2,1,12,7.0
1878,113643,12,6,12,16.0
1879,53130,11,1,18,3.0
1880,20773,6,1,16,15.0
1881,128537,1,3,16,
1882,60361,2,3,17,10.0
1883,45167,3,0,11,9.0
1884,17155,20,0,15,2.0
1885,143224,3,0,13,12.0
1886,20429,16,3,14,5.0
1887,25085,78,1,10,3.0
1888,133196,24,2,19,2.0
1889,56236,1,1,16,
1890,2454,4,5,6,30.0
1891,46753,3,1,15,15.0
1892,20558,97,4,10,2.0
1893,67816,13,6,22,11.0
1894,182290,54,1,22,2.0
1895,76256,10,0,22,27.0
1896,6371,3,1,15,28.0
1897,179653,10,2,16,22.0
1898,136253,25,6,5,3.0
1899,201629,43,5,13,5.0
1900,16883,7,5,17,8.0
1901,191916,20,3,16,6.0
1902,107510,21,0,9,14.0
1903,17861,6,1,19,1.0
1904,164514,8,4,7,8.0
1905,32004,2,3,13,4.0
1906,75268,22,5,12,27.0
1907,119927,8,2,22,22.0
1908,191140,31,4,12,1.0
1909,68761,33,0,13,0.0
1910,170581,39,4,16,4.0
1911,206105,38,6,12,2.0
1912,142524,8,2,18,30.0
1913,34334,13,6,11,30.0
1914,149858,39,2,8,2.0
1915,4631,29,6,20,7.0
1916,48958,19,2,12,1.0
1917,129348,24,5,16,2.0
1918,130868,3,3,21,9.0
1919,175734,37,6,17,3.0
1920,81179,7,2,17,9.0
1921,129131,1,1,10,
1922,61231,5,2,16,22.0
1923,82828,19,2,13,5.0
1924,205943,8,1,13,30.0
1925,43910,6,6,20,30.0
1926,70455,15,4,16,7.0
1927,192552,9,3,10,6.0
1928,121303,34,3,20,6.0
1929,156103,20,0,11,18.0
1930,60932,93,1,10,2.0
1931,81433,44,4,18,4.0
1932,175796,41,0,14,7.0
1933,59106,91,0,18,0.0
1934,138540,4,6,14,30.0
1935,136134,48,4,0,17.0
1936,107149,4,3,15,30.0
1937,19251,9,3,10,11.0
1938,86241,15,2,11,4.0
1939,41347,2,5,14,30.0
1940,165192,18,6,20,5.0
1941,178894,15,5,21,11.0
1942,149516,32,4,15,1.0
1943,50082,18,6,11,3.0
1944,1427,59,6,21,3.0
1945,140134,8,4,20,3.0
1946,158513,13,5,8,3.0
1947,159757,15,0,11,7.0
1948,165005,68,3,10,3.0
1949,195172,1,5,13,
1950,144028,2,5,9,7.0
1951,11912,29,1,17,6.0
1952,106405,8,1,11,3.0
1953,154860,15,0,14,11.0
1954,136256,6,3,11,30.0
1955,146978,6,3,19,7.0
1956,172558,18,5,11,11.0
1957,45587,34,6,11,7.0
1958,123135,66,1,14,1.0
1959,146119,88,4,9,1.0
1960,22285,9,1,15,22.0
1961,120222,18,6,12,3.0
1962,167094,7,3,12,30.0
1963,46071,11,4,16,25.0
1964,181857,36,1,22,5.0
1965,158906,19,0,4,4.0
1966,16408,7,3,17,24.0
1967,100863,20,3,13,7.0
1968,3252,17,1,9,7.0
1969,125314,47,3,16,1.0
1970,149823,5,4,18,28.0
1971,185845,8,1,16,30.0
1972,100634,10,6,7,7.0
1973,115583,4,2,17,15.0
1974,126486,9,4,10,5.0
1975,109151,10,5,10,3.0
1976,190326,29,1,10,10.0
1977,63226,5,0,9,7.0
1978,150228,6,5,10,7.0
1979,46712,9,6,15,18.0
1980,30035,3,2,8,1.0
1981,105002,14,1,9,10.0
1982,66673,66,0,10,3.0
1983,134295,55,1,10,21.0
1984,116962,41,1,1,2.0
1985,52691,2,0,11,3.0
1986,79780,11,1,18,4.0
1987,110568,39,6,23,6.0
1988,135260,2,2,14,5.0
1989,65748,3,1,14,2.0
1990,73496,21,6,13,0.0
1991,55609,7,5,11,3.0
1992,87711,11,4,11,1.0
1993,73170,24,4,9,10.0
1994,7691,9,2,10,14.0
1995,120398,13,1,17,3.0
1996,124045,4,1,12,30.0
1997,56586,14,1,16,19.0
1998,54380,11,2,8,5.0
1999,179905,22,2,7,23.0
2000,130597,5,4,17,10.0
2001,67623,9,0,0,17.0
2002,16370,14,1,16,6.0
2003,166324,11,4,17,8.0
2004,28044,2,0,20,3.0
2005,133892,32,1,11,16.0
2006,25242,45,1,16,10.0
2007,180231,3,5,12,10.0
2008,56364,8,2,9,30.0
2009,125791,23,0,11,1.0
2010,54171,4,2,14,8.0
2011,124061,4,4,10,30.0
2012,124362,34,1,21,5.0
2013,2839,1,1,18,
2014,199963,6,1,16,0.0
2015,177537,4,5,13,7.0
2016,113384,46,6,15,6.0
2017,202313,18,2,8,13.0
2018,185769,7,0,10,30.0
2019,195701,2,0,13,15.0
2020,128735,9,0,16,7.0
2021,14499,23,0,11,5.0
2022,97557,75,4,9,0.0
2023,94221,25,4,15,1.0
2024,35360,18,1,16,14.0
2025,37866,17,4,13,1.0
2026,102384,29,5,9,30.0
2027,6895,49,4,13,10.0
2028,145513,29,3,13,9.0
2029,102187,5,6,13,30.0
2030,100997,7,3,23,9.0
2031,50761,2,1,21,8.0
2032,147372,71,0,22,2.0
2033,25775,27,4,13,1.0
2034,18748,13,0,0,30.0
2035,189220,22,1,15,7.0
2036,79943,3,2,13,6.0
2037,11231,11,1,17,8.0
2038,130181,5,3,8,7.0
2039,65289,15,5,10,8.0
2040,171109,13,5,13,3.0
2041,79553,7,2,10,4.0
2042,144651,5,2,19,2.0
2043,92509,5,5,8,15.0
2044,27550,14,5,17,11.0
2045,25636,25,4,14,1.0
2046,66542,3,6,15,27.0
2047,7622,6,1,18,23.0
2048,126720,6,5,19,11.0
2049,18978,65,2,18,3.0
2050,101528,18,5,8,5.0
2051,20813,10,1,13,3.0
2052,114776,36,3,7,4.0
2053,158094,3,6,10,5.0
2054,192596,72,4,20,0.0
2055,149398,39,0,16,13.0
2056,27625,19,2,16,18.0
2057,155843,22,1,12,5.0
2058,84132,8,5,19,5.0
2059,135062,8,0,17,7.0
2060,14996,11,4,16,6.0
2061,66176,8,5,17,30.0
2062,98002,4,2,16,5.0
2063,78609,2,2,9,5.0
2064,25322,6,4,21,6.0
2065,93331,4,6,7,1.0
2066,142157,2,3,20,4.0
2067,45076,7,6,9,15.0
2068,102422,11,0,16,23.0
2069,97097,18,1,11,2.0
2070,198961,7,1,20,7.0
2071,98589,3,6,12,9.0
2072,108188,34,2,18,7.0
2073,71560,11,0,5,20.0
2074,13701,7,4,10,6.0
2075,155858,20,5,8,23.0
2076,161065,16,4,10,10.0
2077,94998,3,6,14,15.0
2078,152098,20,1,22,28.0
2079,81309,9,6,10,6.0
2080,155379,4,6,23,7.0
2081,179774,16,3,12,2.0
2082,108338,3,3,13,10.0
2083,67699,1,2,11,
2084,161185,3,0,14,3.0
2085,88576,3,5,13,30.0
2086,107066,22,1,11,6.0
2087,108750,9,4,8,5.0
2088,11698,4,3,7,9.0
2089,26938,10,2,18,17.0
2090,140055,2,5,11,16.0
2091,38304,1,4,14,
2092,187560,1,1,7,
2093,157353,2,3,12,2.0
2094,179373,80,4,17,2.0
2095,26117,5,3,15,1.0
2096,191278,10,0,8,7.0
2097,139771,6,5,16,25.0
2098,205888,10,1,17,15.0
2099,10882,3,0,15,29.0
2100,184054,11,0,12,12.0
2101,21174,10,2,11,5.0
2102,90194,18,5,9,27.0
2103,7236,3,1,19,7.0
2104,130803,4,1,13,14.0
2105,62871,36,2,11,7.0
2106,128693,1,3,14,
2107,119081,5,4,20,30.0
2108,112880,3,1,10,11.0
2109,10293,43,6,14,4.0
2110,36431,5,5,13,24.0
2111,155080,9,1,11,8.0
2112,77980,4,3,13,19.0
2113,134240,14,6,14,4.0
2114,120822,4,6,17,4.0
2115,45744,10,2,22,23.0
2116,125667,5,1,18,23.0
2117,80833,3,0,17,3.0
2118,41074,9,2,16,14.0
2119,165719,1,4,16,
2120,179778,10,5,16,2.0
2121,31658,15,4,22,18.0
2122,86448,8,6,15,5.0
2123,203443,1,5,12,
2124,6118,72,4,12,0.0
2125,63979,16,1,11,14.0
2126,93908,23,3,8,14.0
2127,2985,11,3,2,17.0
2128,122108,10,6,13,30.0
2129,82663,7,4,19,4.0
2130,15003,19,4,11,3.0
2131,84731,4,2,18,6.0
2132,152646,1,1,9,
2133,113312,1,5,18,
2134,82545,41,3,8,3.0
2135,103036,26,4,14,4.0
2136,105299,22,6,8,9.0
2137,26635,19,6,20,6.0
2138,136030,2,2,9,21.0
2139,12325,9,1,10,18.0
2140,180141,9,1,10,7.0
2141,36343,3,4,16,16.0
2142,2086,5,6,16,12.0
2143,44893,14,0,13,5.0
2144,150467,25,2,18,15.0
2145,148365,17,5,14,30.0
2146,47543,35,6,3,12.0
2147,91685,1,1,11,
2148,130792,19,2,21,5.0
2149,14684,5,6,13,12.0
2150,34016,14,2,9,3.0
2151,16567,11,4,12,0.0
2152,71027,30,0,20,6.0
2153,198205,12,4,14,10.0
2154,170114,6,5,21,13.0
2155,65871,53,5,21,1.0
2156,116387,26,5,12,2.0
2157,162152,4,0,17,1.0
2158,61516,31,6,16,6.0
2159,32490,10,0,16,7.0
2160,154317,6,1,15,8.0
2161,202303,10,3,19,4.0
2162,32860,1,2,17,
2163,162894,14,6,15,30.0
2164,190930,3,4,8,4.0
2165,65843,9,5,10,3.0
2166,15682,2,1,17,7.0
2167,158536,4,3,11,11.0
2168,67699,10,6,22,11.0
2169,71944,9,5,12,5.0
2170,10126,16,5,19,19.0
2171,43644,5,3,8,3.0
2172,201453,12,6,13,9.0
2173,100116,49,1,9,7.0
2174,81097,12,2,14,2.0
2175,194908,18,3,14,24.0
2176,203575,4,3,17,3.0
2177,12126,2,4,15,8.0
2178,158350,4,1,11,7.0
2179,15979,3,2,14,30.0
2180,174708,8,2,14,7.0
2181,188635,1,6,13,
2182,55370,25,5,15,30.0
2183,137771,31,5,12,11.0
2184,118979,4,0,17,11.0
2185,108191,5,1,17,6.0
2186,71809,20,1,16,5.0
2187,10228,3,2,10,14.0
2188,10351,7,3,14,24.0
2189,42507,16,1,16,2.0
2190,23851,3,2,11,10.0
2191,21272,12,3,17,15.0
2192,165873,1,5,10,
2193,169818,41,0,13,8.0
2194,109522,23,3,20,3.0
2195,141267,2,3,17,11.0
2196,117837,26,0,16,2.0
2197,105719,26,2,19,30.0
2198,56325,59,2,13,6.0
2199,150,27,4,14,6.0
2200,197040,4,0,20,30.0
2201,107001,9,4,15,20.0
2202,5103,60,4,12,2.0
2203,40211,11,6,21,6.0
2204,21470,15,6,16,2.0
2205,173329,15,6,21,16.0
2206,143562,5,3,21,30.0
2207,203931,50,2,18,6.0
2208,156133,53,2,8,6.0
2209,8273,19,4,18,3.0
2210,66371,1,0,10,
2211,32684,9,6,21,6.0
2212,120599,8,4,0,13.0
2213,154738,10,6,15,15.0
2214,29412,8,2,15,5.0
2215,22530,4,2,15,30.0
2216,181259,7,5,9,30.0
2217,123550,2,4,20,16.0
2218,53130,52,0,17,4.0
2219,119677,17,0,14,9.0
2220,85147,2,2,13,14.0
2221,183849,11,3,12,8.0
2222,173401,16,5,12,9.0
2223,53515,14,2,15,11.0
2224,131981,10,6,8,7.0
2225,33867,54,2,14,0.0
2226,72083,1,0,10,
2227,151973,7,3,8,10.0
2228,42806,8,2,18,14.0
2229,30222,16,0,11,3.0
2230,167567,18,1,12,3.0
2231,65044,2,0,16,8.0
2232,10461,7,0,14,10.0
2233,57522,12,1,13,6.0
2234,150951,6,0,15,5.0
2235,177129,22,6,14,4.0
2236,126154,35,5,12,6.0
2237,165810,32,0,18,8.0
2238,14348,1,5,7,
2239,193273,8,2,10,9.0
2240,182463,31,5,10,5.0
2241,31677,26,6,7,15.0
2242,21024,24,3,14,2.0
2243,137658,57,1,20,1.0
2244,58621,1,4,8,
2245,173105,9,0,15,4.0
2246,110430,24,5,13,6.0
2247,132494,7,2,15,20.0
2248,143714,49,5,17,2.0
2249,102271,9,3,21,15.0
2250,12523,4,5,7,28.0
2251,73364,51,0,7,3.0
2252,30752,45,1,9,10.0
2253,39114,15,5,8,18.0
2254,115553,60,4,15,0.0
2255,201022,4,0,16,21.0
2256,148973,11,0,22,28.0
2257,73700,1,3,9,
2258,97482,1,3,14,
2259,17224,24,1,15,4.0
2260,162759,9,0,15,21.0
2261,176664,45,3,19,12.0
2262,167899,34,1,17,2.0
2263,181225,13,1,16,4.0
2264,45075,3,4,15,7.0
2265,90250,15,0,9,15.0
2266,75231,1,4,18,
2267,32246,27,3,11,19.0
2268,31637,12,2,17,20.0
2269,16989,36,2,9,2.0
2270,73031,4,6,13,2.0
2271,77705,12,0,22,7.0
2272,26225,12,0,16,6.0
2273,112743,1,1,10,
2274,149747,35,0,11,2.0
2275,134540,5,1,21,2.0
2276,13616,1,0,14,
2277,42640,12,6,7,17.0
2278,98388,6,3,0,19.0
2279,150028,66,0,9,4.0
2280,137651,17,1,22,16.0
2281,11111,7,3,13,25.0
2282,172491,6,3,15,14.0
2283,200112,86,3,9,4.0
2284,193268,8,0,14,13.0
2285,77944,21,4,10,8.0
2286,202779,3,1,17,10.0
2287,69483,58,0,19,7.0
2288,198542,12,6,10,5.0
2289,23140,12,0,15,2.0
2290,151058,24,3,13,30.0
2291,191631,1,6,16,
2292,90416,1,0,17,
2293,182350,24,1,15,10.0
2294,49918,12,6,12,30.0
2295,48019,26,5,10,15.0
2296,197612,30,5,23,3.0
2297,32424,6,5,21,30.0
2298,46935,9,0,21,5.0
2299,117911,9,3,19,30.0
2300,24213,5,2,8,22.0
2301,44250,11,3,10,5.0
2302,125245,4,3,9,30.0
2303,154287,10,5,20,11.0
2304,97169,20,3,18,7.0
2305,135199,19,2,16,9.0
2306,139308,27,6,11,16.0
2307,203650,14,3,18,9.0
2308,8962,8,3,22,7.0
2309,74105,5,4,16,15.0
2310,72367,17,3,16,16.0
2311,116655,8,4,13,30.0
2312,185479,8,4,7,14.0
2313,27565,19,0,8,3.0
2314,140718,7,5,10,18.0
2315,96718,1,6,13,
2316,55687,18,4,14,4.0
2317,195709,1,1,16,
2318,34285,6,3,14,23.0
2319,20730,55,2,8,6.0
2320,175349,5,2,23,28.0
2321,15906,21,6,16,13.0
2322,46534,3,4,17,9.0
2323,85800,7,2,11,8.0
2324,67578,5,1,17,30.0
2325,200807,27,3,18,4.0
2326,4099,10,0,14,5.0
2327,1519,41,3,8,8.0
2328,156331,18,2,16,2.0
2329,23584,4,3,18,4.0
2330,190542,7,6,13,4.0
2331,19601,2,6,16,26.0
2332,100926,15,0,9,7.0
2333,15169,11,1,0,6.0
2334,111317,8,4,10,3.0
2335,28910,19,1,8,16.0
2336,69428,3,1,15,22.0
2337,174194,6,0,18,17.0
2338,170962,2,0,6,30.0
2339,103000,7,0,23,11.0
2340,75776,3,1,11,9.0
2341,3394,60,4,10,4.0
2342,37388,7,3,19,9.0
2343,117437,3,5,15,3.0
2344,90283,24,4,16,7.0
2345,55880,4,1,7,22.0
2346,17005,13,2,15,2.0
2347,114449,30,0,16,7.0
2348,124034,23,6,14,12.0
2349,94710,5,4,17,30.0
2350,10722,3,3,16,30.0
2351,45441,7,4,17,2.0
2352,192430,4,5,10,5.0
2353,10518,13,0,13,14.0
2354,68293,45,3,17,0.0
2355,144181,2,5,13,30.0
2356,160548,8,0,12,12.0
2357,67308,11,5,12,9.0
2358,63198,19,1,11,9.0
2359,171888,17,3,13,15.0
2360,85183,4,1,20,30.0
2361,194466,21,5,15,2.0
2362,178546,5,0,11,14.0
2363,49679,3,4,9,27.0
2364,186648,11,1,13,30.0
2365,51979,39,1,10,7.0
2366,160475,1,6,10,
2367,78879,13,4,16,3.0
2368,92608,4,3,7,30.0
2369,142337,2,0,11,8.0
2370,76698,5,5,18,18.0
2371,161968,48,5,16,5.0
2372,144556,9,1,10,13.0
2373,161860,17,4,18,2.0
2374,205947,1,0,15,
2375,76962,2,3,15,24.0
2376,22519,4,1,21,30.0
2377,64223,8,0,13,8.0
2378,75964,8,1,15,7.0
2379,51645,10,3,15,5.0
2380,56995,33,2,15,1.0
2381,166301,2,0,22,14.0
2382,85743,5,5,14,8.0
2383,1498,28,5,8,10.0
2384,62751,12,6,11,9.0
2385,28921,8,5,18,24.0
2386,100429,2,2,18,2.0
2387,39998,25,0,8,14.0
2388,187020,1,0,16,
2389,132091,6,6,16,2.0
2390,143036,1,6,17,
2391,72083,3,0,10,7.0
2392,17870,36,1,14,6.0
2393,183882,2,1,9,4.0
2394,140742,20,1,17,13.0
2395,8054,31,4,22,12.0
2396,158631,11,2,8,30.0
2397,188318,12,4,14,7.0
2398,42650,36,3,10,9.0
2399,149607,4,3,7,30.0
2400,34219,12,1,20,2.0
2401,135432,29,2,13,15.0
2402,82563,84,1,17,1.0
2403,42706,9,1,9,8.0
2404,86109,68,0,19,0.0
2405,181051,3,4,8,5.0
2406,62735,1,2,10,
2407,21828,15,6,14,8.0
2408,192083,28,2,20,9.0
2409,71981,11,1,11,30.0
2410,177097,26,1,16,3.0
2411,40806,3,6,4,7.0
2412,197745,84,5,14,4.0
2413,14489,50,2,18,7.0
2414,20283,32,5,16,8.0
2415,167740,22,1,11,2.0
2416,136130,25,3,14,3.0
2417,54768,21,4,11,12.0
2418,100006,11,5,14,4.0
2419,196548,10,3,9,2.0
2420,166492,7,3,10,5.0
2421,107384,25,1,15,6.0
2422,132640,2,0,15,18.0
2423,87402,50,3,21,5.0
2424,171785,40,0,23,13.0
2425,92136,1,3,15,
2426,131368,33,1,14,3.0
2427,37668,6,2,13,9.0
2428,146044,14,3,19,5.0
2429,166492,17,4,9,30.0
2430,119961,10,6,15,11.0
2431,73114,30,1,16,4.0
2432,184215,28,4,17,8.0
2433,174586,6,5,18,4.0
2434,109170,36,2,21,0.0
2435,20018,5,6,15,30.0
2436,114627,2,4,14,18.0
2437,108273,5,0,8,30.0
2438,84837,17,3,9,1.0
2439,14702,10,6,7,5.0
2440,160418,7,2,9,2.0
2441,192073,5,0,17,9.0
2442,124463,21,4,10,7.0
2443,173138,84,2,17,9.0
2444,157072,35,5,13,5.0
2445,816,5,0,16,30.0
2446,8046,22,4,9,3.0
2447,137374,17,3,8,14.0
2448,150671,26,2,12,3.0
2449,50848,22,2,14,30.0
2450,108660,1,6,13,
2451,159768,33,2,17,3.0
2452,198597,5,5,13,12.0
2453,74252,3,5,14,20.0
2454,26392,2,5,12,30.0
2455,159651,6,0,14,21.0
2456,39202,9,1,15,13.0
2457,194805,13,0,9,30.0
2458,26897,32,5,20,8.0
2459,177789,2,4,17,3.0
2460,73270,2,0,17,8.0
2461,35107,15,3,17,19.0
2462,83611,44,2,22,5.0
2463,123662,3,5,13,8.0
2464,166671,6,1,8,7.0
2465,122457,2,1,18,2.0
2466,121714,67,2,17,1.0
2467,185452,11,2,8,6.0
2468,23856,12,2,19,2.0
2469,86247,23,2,14,1.0
2470,144889,47,1,8,1.0
2471,113987,1,6,14,
2472,163085,3,1,6,21.0
2473,43562,22,4,9,12.0
2474,143368,21,4,12,6.0
2475,175147,19,2,9,7.0
2476,28826,37,2,8,5.0
2477,195889,29,0,18,4.0
2478,200394,2,3,16,16.0
2479,116861,2,4,6,3.0
2480,175099,25,1,15,7.0
2481,69474,12,0,14,7.0
2482,183143,48,1,13,7.0
2483,4141,8,5,14,30.0
2484,77374,88,5,9,3.0
2485,165230,10,1,8,7.0
2486,69427,55,1,9,7.0
2487,33195,60,0,15,4.0
2488,50631,6,0,10,25.0
2489,32802,47,3,6,4.0
2490,46255,42,1,17,14.0
2491,79067,33,1,14,15.0
2492,142511,16,3,16,4.0
2493,156438,3,1,20,14.0
2494,33452,27,0,12,5.0
2495,95335,2,6,17,13.0
2496,204584,3,3,14,10.0
2497,13531,6,3,12,2.0
2498,110449,2,5,8,30.0
2499,198806,3,4,10,30.0
2500,9390,5,0,21,30.0
2501,25596,4,6,13,30.0
2502,128883,3,4,8,30.0
2503,82782,14,1,18,3.0
2504,161333,6,4,14,2.0
2505,86576,36,2,12,7.0
2506,205713,5,6,16,30.0
2507,94849,14,0,13,9.0
2508,179084,5,2,9,4.0
2509,163244,5,4,20,17.0
2510,4297,10,4,12,6.0
2511,108192,10,6,13,12.0
2512,105089,9,2,15,30.0
2513,179043,2,4,14,6.0
2514,29244,4,3,9,4.0
2515,145481,57,1,11,3.0
2516,201913,37,6,0,7.0
2517,119951,11,1,8,6.0
2518,7503,21,1,16,5.0
2519,162199,6,6,20,11.0
2520,61928,9,5,14,7.0
2521,14021,11,3,16,18.0
2522,15521,5,4,16,4.0
2523,100720,40,1,18,3.0
2524,15332,9,1,17,12.0
2525,202214,5,6,13,7.0
2526,100013,6,2,18,2.0
2527,180735,13,4,15,30.0
2528,196710,50,1,9,5.0
2529,103712,1,0,10,
2530,140155,4,6,23,18.0
2531,92526,1,3,18,
2532,194072,2,2,13,4.0
2533,165294,57,2,11,9.0
2534,126419,14,0,15,7.0
2535,177336,11,0,7,12.0
2536,16722,18,0,10,8.0
2537,94768,39,1,11,7.0
2538,198691,19,5,15,11.0
2539,66005,17,3,12,8.0
2540,101302,1,4,13,
2541,143182,17,1,13,3.0
2542,151386,70,6,15,2.0
2543,124345,7,5,22,30.0
2544,36436,2,4,10,9.0
2545,181348,15,5,11,5.0
2546,34882,5,3,10,30.0
2547,199149,6,3,13,27.0
2548,173144,3,1,12,3.0
2549,75194,9,0,13,7.0
2550,85035,49,1,18,3.0
2551,20944,54,6,18,4.0
2552,132668,30,0,8,14.0
2553,44519,2,5,18,8.0
2554,46379,13,2,16,13.0
2555,75861,1,1,16,
2556,154040,1,2,14,
2557,181574,10,6,21,13.0
2558,14663,4,4,9,10.0
2559,98794,12,0,12,23.0
2560,35560,14,2,15,25.0
2561,160804,4,0,15,7.0
2562,12102,14,3,8,2.0
2563,198085,1,5,14,
2564,145422,16,2,14,12.0
2565,62224,2,2,15,30.0
2566,196714,39,4,9,6.0
2567,75805,52,1,10,3.0
2568,117752,48,3,13,8.0
2569,55169,4,0,12,7.0
2570,95753,8,3,10,21.0
2571,201183,18,4,13,7.0
2572,162968,41,0,20,2.0
2573,118789,39,5,8,7.0
2574,60514,12,4,18,17.0
2575,57399,2,6,13,3.0
2576,45827,42,3,9,2.0
2577,85383,34,2,14,5.0
2578,121882,1,1,15,
2579,143439,3,1,14,8.0
2580,170068,36,0,13,4.0
2581,194025,8,0,12,1.0
2582,8198,45,3,13,5.0
2583,32975,2,3,13,11.0
2584,116386,8,0,11,10.0
2585,56048,36,0,12,7.0
2586,90345,37,5,20,2.0
2587,22758,18,3,9,8.0
2588,187056,8,3,2,11.0
2589,172134,31,4,7,23.0
2590,61840,4,0,14,7.0
2591,127427,40,0,9,3.0
2592,28238,84,2,9,4.0
2593,206,7,6,13,25.0
2594,24124,6,1,17,12.0
2595,40846,75,1,9,2.0
2596,180649,73,2,18,5.0
2597,103634,5,1,14,7.0
2598,158444,3,2,13,30.0
2599,170887,22,4,18,15.0
2600,109689,10,1,17,8.0
2601,80118,32,2,15,4.0
2602,24913,34,2,18,9.0
2603,167470,39,6,16,17.0
2604,134374,36,0,18,4.0
2605,50630,6,2,10,3.0
2606,14600,2,2,0,17.0
2607,134883,4,6,9,2.0
2608,68947,18,0,21,2.0
2609,47669,33,5,8,10.0
2610,181796,36,4,15,1.0
2611,77702,2,6,18,30.0
2612,33907,41,2,8,5.0
2613,142865,8,6,8,13.0
2614,181385,32,1,11,3.0
2615,107242,2,0,12,4.0
2616,101878,9,5,12,3.0
2617,161353,3,0,18,0.0
2618,182041,9,2,19,29.0
2619,158806,41,1,13,5.0
2620,28186,23,1,16,10.0
2621,147003,1,2,15,
2622,125212,7,3,18,30.0
2623,106321,15,6,7,5.0
2624,139506,78,5,18,5.0
2625,50038,18,5,15,15.0
2626,41242,12,1,13,30.0
2627,73042,30,5,13,1.0
2628,163677,45,6,16,5.0
2629,189109,4,0,17,6.0
2630,171042,37,0,11,4.0
2631,63942,3,1,1,9.0
2632,203185,13,2,19,25.0
2633,188561,11,4,10,9.0
2634,166534,54,4,14,1.0
2635,190269,13,5,12,0.0
2636,149444,5,5,12,6.0
2637,72380,52,2,17,6.0
2638,12394,8,4,16,23.0
2639,153972,7,1,11,14.0
2640,104644,13,0,14,2.0
2641,70031,8,4,22,15.0
2642,36774,19,4,14,1.0
2643,162181,14,0,15,3.0
2644,142434,19,0,18,5.0
2645,92247,4,6,16,30.0
2646,34721,7,2,14,25.0
2647,144833,1,5,8,
2648,11931,9,4,16,17.0
2649,103211,27,3,11,16.0
2650,8037,12,6,11,6.0
2651,12084,5,0,17,5.0
2652,37557,15,1,14,21.0
2653,40371,4,6,12,7.0
2654,12205,63,1,17,3.0
2655,168453,31,1,2,4.0
2656,15540,14,1,10,10.0
2657,159043,10,5,14,0.0
2658,116799,8,1,0,12.0
2659,28378,3,6,7,7.0
2660,152220,12,2,21,30.0
2661,205543,15,4,12,1.0
2662,75632,9,2,19,3.0
2663,139178,31,0,16,3.0
2664,188278,9,4,19,10.0
2665,16848,13,3,11,5.0
2666,26536,47,1,16,7.0
2667,137112,2,6,17,28.0
2668,77891,20,0,12,6.0
2669,193461,1,1,15,
2670,93942,91,1,17,1.0
2671,136888,28,6,12,25.0
2672,69411,35,4,9,6.0
2673,53809,5,1,16,6.0
2674,205147,36,2,17,3.0
2675,171019,8,4,9,2.0
2676,56639,35,1,18,8.0
2677,33918,36,4,16,3.0
2678,133077,2,3,22,9.0
2679,33495,45,2,13,5.0
2680,113443,14,4,13,19.0
2681,11752,7,6,16,7.0
2682,86815,4,1,11,30.0
2683,187075,21,4,0,10.0
2684,5266,4,3,17,6.0
2685,98300,4,6,14,13.0
2686,96554,1,4,8,
2687,129974,11,1,11,13.0
2688,99750,17,6,22,5.0
2689,57205,3,0,12,9.0
2690,146513,6,6,14,7.0
2691,166866,34,3,16,3.0
2692,123531,51,3,18,10.0
2693,50761,4,1,10,30.0
2694,21959,21,5,21,6.0
2695,187052,29,4,19,4.0
2696,88673,8,6,11,10.0
2697,127410,3,6,13,6.0
2698,48890,97,3,12,7.0
2699,144354,8,5,14,7.0
2700,179410,50,2,19,4.0
2701,177846,1,1,13,
2702,189297,31,2,15,6.0
2703,141720,17,3,12,6.0
2704,71427,41,6,7,5.0
2705,62795,11,4,10,17.0
2706,15170,2,3,15,1.0
2707,90854,5,1,17,12.0
2708,155941,28,1,17,0.0
2709,69897,12,6,9,6.0
2710,87704,15,0,22,18.0
2711,112827,25,0,17,2.0
2712,11808,46,0,16,10.0
2713,130245,5,2,17,21.0
2714,75025,5,6,12,12.0
2715,11225,45,3,12,3.0
2716,189304,60,5,9,1.0
2717,37753,29,6,9,12.0
2718,201724,8,2,9,4.0
2719,87633,7,0,15,4.0
2720,87616,11,3,9,4.0
2721,32012,6,3,13,30.0
2722,41333,61,0,18,2.0
2723,77171,53,2,10,6.0
2724,12091,42,5,9,10.0
2725,116979,3,0,14,8.0
2726,134567,1,2,7,
2727,56994,7,3,10,27.0
2728,67913,34,6,11,6.0
2729,16226,19,3,8,6.0
2730,181327,7,5,21,8.0
2731,129747,17,1,19,9.0
2732,148419,1,5,10,
2733,161711,8,2,8,16.0
2734,70159,2,2,20,1.0
2735,147024,1,3,12,
2736,152103,14,4,14,2.0
2737,9636,13,0,19,12.0
2738,9347,1,0,12,
2739,199366,7,2,15,7.0
2740,5070,2,3,14,6.0
2741,46127,28,0,11,14.0
2742,189258,11,1,10,20.0
2743,88292,5,5,14,7.0
2744,129639,2,1,21,7.0
2745,117095,6,6,11,30.0
2746,73140,8,4,19,21.0
2747,173927,41,2,15,1.0
2748,138171,4,5,8,6.0
2749,116853,4,0,20,21.0
2750,118866,2,1,15,18.0
2751,75220,24,6,14,7.0
2752,21854,17,1,7,11.0
2753,23371,56,3,6,4.0
2754,116331,35,4,20,2.0
2755,105670,12,4,17,20.0
2756,179342,51,5,11,1.0
2757,183844,30,4,15,1.0
2758,77258,4,6,19,7.0
2759,103344,1,3,20,
2760,142186,3,5,18,24.0
2761,133716,34,3,16,4.0
2762,89333,22,2,23,7.0
2763,34620,41,3,12,6.0
2764,123453,16,0,11,10.0
2765,79613,19,3,22,21.0
2766,81350,5,2,14,7.0
2767,183158,8,5,19,3.0
2768,120168,16,2,21,5.0
2769,71401,31,1,10,7.0
2770,184079,5,1,16,1.0
2771,68456,14,0,14,10.0
2772,99817,47,4,16,17.0
2773,69367,11,5,12,30.0
2774,87601,4,4,17,10.0
2775,155061,21,0,16,2.0
2776,196314,28,3,10,2.0
2777,65489,16,6,11,6.0
2778,62325,15,0,10,9.0
2779,65923,5,2,11,23.0
2780,20966,15,4,12,8.0
2781,126526,1,0,14,
2782,100553,6,4,12,3.0
2783,27022,3,5,11,9.0
2784,119465,32,2,13,4.0
2785,143045,3,5,17,12.0
2786,23351,8,5,15,19.0
2787,99054,18,0,10,7.0
2788,72547,4,1,0,23.0
2789,73901,28,1,12,1.0
2790,102912,7,2,23,30.0
2791,94412,5,6,22,4.0
2792,181700,37,5,12,4.0
2793,136402,16,4,16,5.0
2794,45335,4,1,10,30.0
2795,202394,52,6,15,4.0
2796,53228,1,0,20,
2797,131416,48,4,18,2.0
2798,127173,29,1,14,12.0
2799,113588,14,0,12,1.0
2800,96700,13,0,19,7.0
2801,181936,64,3,16,5.0
2802,67385,4,4,14,21.0
2803,4282,12,3,17,7.0
2804,77916,51,1,11,8.0
2805,66594,4,0,8,30.0
2806,144600,20,2,16,11.0
2807,106027,27,6,15,30.0
2808,106995,4,1,11,2.0
2809,169398,23,3,9,2.0
2810,194799,21,1,16,5.0
2811,99001,19,5,12,2.0
2812,23832,84,4,12,2.0
2813,171244,4,5,15,7.0
2814,193408,40,6,8,14.0
2815,56103,1,6,13,
2816,22914,50,0,21,3.0
2817,140173,17,1,1,20.0
2818,78598,3,3,9,10.0
2819,147761,1,0,19,
2820,22201,4,2,19,9.0
2821,168162,67,5,9,2.0
2822,103659,31,0,8,29.0
2823,164298,5,2,15,4.0
2824,6060,24,5,9,13.0
2825,142090,22,3,11,6.0
2826,38936,90,3,23,1.0
2827,181049,6,4,15,14.0
2828,196208,3,2,10,30.0
2829,140194,1,3,15,
2830,68424,6,2,18,4.0
2831,134892,3,5,12,8.0
2832,119329,13,0,14,14.0
2833,25715,3,1,0,19.0
2834,77521,2,4,17,30.0
2835,27733,3,2,9,20.0
2836,5942,5,4,17,6.0
2837,117989,17,1,12,14.0
2838,57249,4,0,11,22.0
2839,194618,1,2,14,
2840,187293,34,5,15,23.0
2841,37358,1,1,12,
2842,89211,22,5,14,5.0
2843,199675,6,2,15,30.0
2844,59399,24,1,9,8.0
2845,5937,4,6,12,5.0
2846,168005,31,4,15,15.0
2847,143196,4,6,14,13.0
2848,172621,55,6,12,5.0
2849,29274,12,2,12,10.0
2850,174400,20,0,19,12.0
2851,22401,27,2,14,12.0
2852,57601,13,4,12,1.0
2853,190554,20,5,17,3.0
2854,72668,21,3,9,7.0
2855,118092,9,3,13,5.0
2856,104209,4,2,10,2.0
2857,153680,27,2,9,5.0
2858,186236,1,0,19,
2859,77217,14,4,11,20.0
2860,111921,35,0,10,12.0
2861,205853,1,6,8,
2862,168942,3,6,12,7.0
2863,1378,34,2,14,6.0
2864,119599,29,0,13,1.0
2865,145082,50,0,11,5.0
2866,135004,12,5,23,17.0
2867,92493,22,1,9,3.0
2868,138883,11,4,0,21.0
2869,68146,4,6,19,13.0
2870,5330,1,1,10,
2871,6613,18,3,18,30.0
2872,169392,11,0,9,30.0
2873,41008,3,5,17,6.0
2874,4433,20,4,23,9.0
2875,120899,4,0,14,4.0
2876,80435,5,0,10,30.0
2877,188413,26,1,7,8.0
2878,47890,1,3,13,
2879,66224,5,6,10,4.0
2880,149439,3,5,13,8.0
2881,102939,36,2,18,4.0
2882,180237,48,2,15,1.0
2883,113762,42,0,11,5.0
2884,37835,34,6,12,5.0
2885,52960,15,6,16,17.0
2886,127541,1,3,9,
2887,129380,18,3,12,18.0
2888,150785,20,5,11,5.0
2889,182107,4,1,15,8.0
2890,118669,19,2,12,2.0
2891,197658,6,2,15,21.0
2892,171416,5,0,15,2.0
2893,205700,13,6,16,6.0
2894,181035,5,5,9,7.0
2895,182041,18,1,17,9.0
2896,47375,7,4,16,6.0
2897,160099,16,4,15,6.0
2898,174569,3,6,22,6.0
2899,26145,20,6,17,15.0
2900,189424,8,6,13,9.0
2901,168436,3,5,18,11.0
2902,94723,7,3,16,3.0
2903,22616,5,6,20,2.0
2904,11334,11,5,14,0.0
2905,102339,19,3,18,2.0
2906,190428,7,4,14,2.0
2907,42417,35,1,11,12.0
2908,156422,5,2,14,15.0
2909,60067,47,4,16,0.0
2910,151262,3,0,17,26.0
2911,7610,16,0,11,12.0
2912,110033,56,4,17,1.0
2913,23875,10,4,19,7.0
2914,77384,14,4,15,14.0
2915,203353,6,6,11,1.0
2916,181134,37,1,16,2.0
2917,135169,18,0,13,15.0
2918,72537,5,0,15,14.0
2919,145950,5,6,19,5.0
2920,92679,3,1,19,9.0
2921,51760,18,5,19,6.0
2922,178971,15,2,21,30.0
2923,60948,14,0,16,7.0
2924,76205,44,4,19,4.0
2925,198169,2,5,18,7.0
2926,159694,12,5,13,4.0
2927,146835,12,0,11,3.0
2928,22104,61,1,16,1.0
2929,173056,4,1,10,21.0
2930,64681,14,2,22,2.0
2931,185706,1,4,8,
2932,22652,6,5,0,30.0
2933,144972,5,2,7,7.0
2934,191763,13,6,9,25.0
2935,194935,3,5,10,30.0
2936,159042,5,5,15,7.0
2937,173120,15,1,9,16.0
2938,34012,10,4,9,5.0
2939,182109,9,0,22,5.0
2940,116929,1,4,10,
2941,93349,8,6,18,3.0
2942,53852,55,2,11,3.0
2943,4949,47,5,14,6.0
2944,28571,8,0,12,23.0
2945,81444,6,5,16,15.0
2946,153852,18,5,12,15.0
2947,70241,23,3,18,3.0
2948,109929,34,5,10,16.0
2949,144045,40,3,11,16.0
2950,95441,16,2,11,9.0
2951,89977,19,5,7,4.0
2952,24823,6,1,15,18.0
2953,70509,27,5,17,10.0
2954,150952,15,0,18,6.0
2955,165294,71,4,11,2.0
2956,29471,21,2,10,23.0
2957,85632,6,1,12,2.0
2958,104764,48,1,8,6.0
2959,95949,12,1,9,26.0
2960,45255,12,5,18,9.0
2961,78662,9,2,19,8.0
2962,175182,33,0,10,5.0
2963,80812,13,3,16,10.0
2964,105562,6,0,14,19.0
2965,92602,26,5,20,6.0
2966,149009,23,5,14,11.0
2967,172420,16,0,21,6.0
2968,96669,8,5,15,14.0
2969,135419,18,1,13,6.0
2970,196396,3,3,20,18.0
2971,28542,13,2,10,23.0
2972,119557,8,5,9,16.0
2973,45588,15,2,15,16.0
2974,151382,13,2,16,14.0
2975,56085,1,2,13,
2976,110808,45,2,16,5.0
2977,64069,4,6,17,6.0
2978,100142,59,0,13,7.0
2979,182821,6,6,20,9.0
2980,182561,8,6,7,15.0
2981,66149,10,0,11,13.0
2982,188291,63,4,10,8.0
2983,18816,23,3,14,13.0
2984,104111,3,4,14,30.0
2985,20433,16,0,10,30.0
2986,116623,18,3,19,13.0
2987,31308,1,0,6,
2988,16826,3,6,11,9.0
2989,6696,15,1,8,0.0
2990,111200,11,3,12,16.0
2991,109463,15,4,13,9.0
2992,82257,41,1,6,4.0
2993,35005,16,4,15,9.0
2994,158635,39,3,11,16.0
2995,145327,8,4,13,0.0
2996,113559,40,6,11,6.0
2997,38394,24,0,23,6.0
2998,162047,14,1,15,30.0
2999,175162,25,4,16,2.0
3000,203473,12,5,20,22.0
3001,130871,21,0,12,3.0
3002,181050,4,1,7,7.0
3003,114532,17,2,14,5.0
3004,199714,6,1,9,30.0
3005,119435,7,0,13,22.0
3006,120854,7,0,13,4.0
3007,190349,19,5,12,4.0
3008,114119,6,2,15,30.0
3009,81104,2,3,20,30.0
3010,127342,11,1,16,7.0
3011,17370,1,0,15,
3012,164090,16,3,11,10.0
3013,5708,6,5,16,5.0
3014,186601,5,1,9,19.0
3015,80490,8,6,17,30.0
3016,138535,13,0,17,30.0
3017,80160,13,0,16,9.0
3018,81791,49,2,14,0.0
3019,14821,1,3,15,
3020,37277,6,6,7,8.0
3021,42206,11,2,17,0.0
3022,69696,9,0,15,7.0
3023,201026,8,5,17,6.0
3024,56367,17,3,13,19.0
3025,74870,26,6,7,20.0
3026,152526,4,5,17,7.0
3027,184284,6,2,8,9.0
3028,89187,23,2,12,6.0
3029,119994,8,4,10,3.0
3030,117885,3,6,12,2.0
3031,2555,21,6,9,6.0
3032,109434,30,4,14,3.0
3033,41107,6,6,23,30.0
3034,116316,7,0,9,9.0
3035,15182,46,6,10,2.0
3036,91123,45,5,16,6.0
3037,172092,6,5,11,3.0
3038,187585,4,6,23,6.0
3039,61833,1,5,17,
3040,150378,5,4,18,16.0
3041,51388,1,4,13,
3042,97665,17,4,16,8.0
3043,129783,53,6,10,7.0
3044,167345,28,0,16,4.0
3045,136245,7,4,10,30.0
3046,17926,6,1,20,8.0
3047,93759,7,6,17,30.0
3048,90000,19,2,17,9.0
3049,83430,3,5,9,14.0
3050,129394,2,4,14,6.0
3051,187378,17,1,17,18.0
3052,114974,9,2,20,30.0
3053,134740,3,0,15,6.0
3054,44326,2,0,2,30.0
3055,120281,4,2,20,9.0
3056,66177,12,1,18,4.0
3057,84677,23,3,14,22.0
3058,66556,17,1,12,7.0
3059,8337,31,4,19,4.0
3060,177122,7,2,15,11.0
3061,154317,33,3,20,8.0
3062,5543,3,0,12,30.0
3063,36110,12,6,16,11.0
3064,140474,37,0,11,7.0
3065,191877,6,6,16,5.0
3066,96230,90,5,12,4.0
3067,181630,6,5,15,0.0
3068,107976,9,3,14,7.0
3069,181402,2,4,10,30.0
3070,43931,4,1,16,12.0
3071,146540,61,3,15,0.0
3072,163939,15,2,15,30.0
3073,91228,60,5,21,4.0
3074,65240,39,4,10,4.0
3075,93727,14,2,11,9.0
3076,135998,3,0,15,3.0
3077,150532,4,0,10,7.0
3078,176388,34,0,9,6.0
3079,59746,13,1,15,3.0
3080,132729,1,0,10,
3081,177851,5,3,10,14.0
3082,99786,30,2,16,1.0
3083,110363,26,4,11,2.0
3084,108710,4,0,15,6.0
3085,12788,16,5,12,4.0
3086,201162,15,2,15,25.0
3087,169550,10,0,14,8.0
3088,5674,6,2,15,14.0
3089,158524,15,0,17,18.0
3090,96817,26,4,7,1.0
3091,70577,70,5,9,2.0
3092,170242,10,2,14,2.0
3093,111072,39,2,9,7.0
3094,61011,8,3,11,8.0
3095,65920,10,1,8,3.0
3096,166785,69,2,14,3.0
3097,110483,2,1,17,0.0
3098,171318,2,3,7,6.0
3099,50583,21,5,0,5.0
3100,170687,20,3,20,8.0
3101,120382,50,6,12,7.0
3102,94809,2,2,9,30.0
3103,8242,4,0,15,30.0
3104,27312,16,4,16,6.0
3105,118407,19,6,15,11.0
3106,107783,20,4,19,26.0
3107,136092,4,4,17,1.0
3108,125088,9,4,15,5.0
3109,143710,51,0,16,7.0
3110,98213,7,6,12,7.0
3111,125473,3,0,9,30.0
3112,190248,6,2,23,10.0
3113,109472,4,0,19,0.0
3114,182458,39,3,8,10.0
3115,52891,2,5,11,4.0
3116,204802,4,5,17,3.0
3117,146686,51,1,15,2.0
3118,124431,5,0,16,21.0
3119,102245,1,0,11,
3120,187729,11,0,12,30.0
3121,37481,25,0,22,6.0
3122,139453,74,0,16,5.0
3123,18128,9,0,13,12.0
3124,93532,16,1,8,16.0
3125,152363,2,1,12,4.0
3126,157847,3,1,8,7.0
3127,84983,44,5,17,18.0
3128,197075,25,0,9,14.0
3129,43607,1,4,14,
3130,90884,5,0,9,20.0
3131,138698,14,0,16,30.0
3132,21358,2,0,9,7.0
3133,196893,7,1,18,0.0
3134,126054,12,5,11,2.0
3135,182530,19,2,17,7.0
3136,72109,32,5,16,9.0
3137,20730,6,2,13,4.0
3138,185406,92,1,8,10.0
3139,37240,2,4,17,17.0
3140,198584,34,3,12,2.0
3141,172340,29,1,19,8.0
3142,163806,4,4,13,13.0
3143,43334,6,1,12,25.0
3144,97729,41,0,9,6.0
3145,153571,2,0,10,6.0
3146,101683,3,2,12,23.0
3147,8084,16,5,15,12.0
3148,196204,12,0,17,12.0
3149,63582,1,1,15,
3150,57142,3,3,16,16.0
3151,178101,26,5,21,4.0
3152,110991,6,5,8,9.0
3153,92915,22,4,14,10.0
3154,108776,18,0,13,8.0
3155,65247,1,3,20,
3156,41031,28,0,17,7.0
3157,128324,3,2,16,9.0
3158,203734,40,2,16,0.0
3159,12326,3,1,12,5.0
3160,94991,28,4,15,5.0
3161,133447,49,1,8,4.0
3162,112553,6,2,11,5.0
3163,137639,88,6,11,5.0
3164,204853,7,2,13,1.0
3165,71422,3,5,11,12.0
3166,46838,6,6,17,11.0
3167,49802,13,5,12,7.0
3168,66455,8,5,15,15.0
3169,36010,12,3,10,14.0
3170,59400,12,0,22,7.0
3171,38724,3,1,15,14.0
3172,201684,7,2,9,9.0
3173,107632,6,2,8,10.0
3174,137520,7,3,10,10.0
3175,114963,10,6,14,19.0
3176,113534,8,5,8,17.0
3177,22963,65,3,18,2.0
3178,27250,7,6,13,4.0
3179,54174,5,6,17,30.0
3180,46215,5,6,13,14.0
3181,179973,3,5,10,30.0
3182,27838,8,3,19,12.0
3183,149760,32,5,8,5.0
3184,144337,4,6,16,5.0
3185,100330,39,3,13,5.0
3186,79281,3,6,17,20.0
3187,116364,11,0,13,26.0
3188,159693,14,4,16,6.0
3189,53982,5,6,18,8.0
3190,184498,12,2,0,3.0
3191,33386,12,4,11,14.0
3192,144004,23,5,11,8.0
3193,80662,1,1,10,
3194,76863,1,1,14,
3195,205684,37,5,21,7.0
3196,188409,5,2,12,1.0
3197,175288,13,6,21,6.0
3198,156712,20,2,13,18.0
3199,63718,56,2,18,4.0
3200,172185,15,5,17,30.0
3201,24914,28,6,9,14.0
3202,196604,23,4,10,15.0
3203,21782,31,3,15,5.0
3204,23931,11,4,16,5.0
3205,114041,61,2,22,15.0
3206,166843,1,5,19,
3207,46019,79,3,15,1.0
3208,158707,29,6,7,2.0
3209,19636,6,0,13,27.0
3210,45075,16,5,16,30.0
3211,27580,15,5,7,15.0
3212,177129,73,0,7,4.0
3213,18067,4,2,9,30.0
3214,43599,14,3,16,30.0
3215,58538,2,2,10,13.0
3216,188534,36,6,14,5.0
3217,203503,17,5,9,14.0
3218,2688,34,1,13,6.0
3219,80483,23,0,9,12.0
3220,105603,4,0,17,30.0
3221,182697,14,2,17,7.0
3222,68902,2,4,17,5.0
3223,136967,23,2,8,24.0
3224,162081,2,0,12,30.0
3225,31021,66,5,9,4.0
3226,182080,24,3,13,3.0
3227,134917,10,2,21,30.0
3228,24406,20,0,19,8.0
3229,3583,4,6,10,15.0
3230,181719,5,1,12,17.0
3231,4356,68,3,9,2.0
3232,183077,5,1,13,26.0
3233,103035,6,5,13,5.0
3234,25287,1,2,10,
3235,176649,10,5,13,30.0
3236,196082,7,5,14,30.0
3237,174461,1,5,14,
3238,64638,37,0,16,5.0
3239,55607,2,3,19,7.0
3240,47642,12,1,17,19.0
3241,76375,5,6,10,21.0
3242,65996,16,0,7,1.0
3243,206024,43,3,15,2.0
3244,72370,22,1,18,20.0
3245,917,11,1,9,4.0
3246,141603,11,6,16,3.0
3247,77644,17,4,13,8.0
3248,75442,12,3,20,12.0
3249,118850,29,4,10,3.0
3250,120605,2,0,11,7.0
3251,98380,2,6,9,6.0
3252,166785,24,0,12,7.0
3253,97269,1,2,15,
3254,17965,1,5,21,
3255,67050,24,0,21,7.0
3256,125664,20,1,9,6.0
3257,144873,1,3,13,
3258,57344,5,1,21,18.0
3259,183288,25,0,9,2.0
3260,112365,15,5,16,14.0
3261,132846,7,1,18,30.0
3262,38353,91,4,15,3.0
3263,35443,4,6,18,15.0
3264,141765,7,0,17,0.0
3265,165211,8,5,12,16.0
3266,89930,4,1,13,4.0
3267,158772,4,0,16,30.0
3268,98940,45,5,9,7.0
3269,203143,32,1,11,4.0
3270,171236,30,0,11,2.0
3271,144055,41,1,13,0.0
3272,115415,5,6,15,30.0
3273,138095,6,3,9,7.0
3274,16011,17,6,11,3.0
3275,53748,38,5,9,7.0
3276,100827,1,5,16,
3277,187100,10,0,9,30.0
3278,155229,21,0,11,7.0
3279,111327,47,5,18,5.0
3280,152029,18,5,13,18.0
3281,107541,27,1,20,5.0
3282,97016,4,1,21,20.0
3283,1381,12,6,12,8.0
3284,119611,3,2,10,12.0
3285,44395,3,0,18,30.0
3286,195138,3,6,10,4.0
3287,18631,93,1,8,5.0
3288,58289,3,2,12,8.0
3289,28415,17,4,17,5.0
3290,165201,18,1,13,3.0
3291,84474,40,1,17,7.0
3292,86541,2,2,12,12.0
3293,127731,14,0,18,17.0
3294,53805,2,6,9,13.0
3295,3243,5,2,16,30.0
3296,166808,32,1,11,7.0
3297,107882,7,1,9,28.0
3298,90069,5,4,16,7.0
3299,8967,1,0,20,
3300,100682,23,3,15,3.0
3301,195978,9,5,9,7.0
3302,116952,13,0,9,30.0
3303,115957,1,0,8,
3304,42591,4,1,14,14.0
3305,142254,1,0,9,
3306,13749,3,2,14,9.0
3307,191242,1,1,15,
3308,193481,15,3,11,10.0
3309,164301,10,0,0,30.0
3310,125863,47,1,10,7.0
3311,9852,30,1,20,4.0
3312,94177,7,5,20,8.0
3313,154464,4,0,14,4.0
3314,64509,18,4,22,3.0
3315,6754,2,0,7,8.0
3316,145592,8,2,14,8.0
3317,46838,18,4,17,3.0
3318,80118,21,0,11,7.0
3319,5902,4,5,21,11.0
3320,66515,17,6,22,1.0
3321,203008,5,1,12,30.0
3322,4199,5,0,10,3.0
3323,7886,2,2,20,11.0
3324,123531,42,6,11,9.0
3325,62645,68,1,21,2.0
3326,154748,50,5,17,3.0
3327,123426,18,0,23,15.0
3328,155159,4,3,11,3.0
3329,29436,9,6,11,7.0
3330,67699,15,4,8,15.0
3331,81184,46,4,16,5.0
3332,11236,50,0,11,1.0
3333,154729,5,6,14,3.0
3334,34691,19,6,16,14.0
3335,104355,24,6,13,6.0
3336,75490,5,0,14,3.0
3337,169292,3,2,8,15.0
3338,194023,3,4,21,30.0
3339,54351,2,2,14,8.0
3340,148310,9,3,13,3.0
3341,17152,6,3,12,30.0
3342,179640,18,1,15,7.0
3343,72156,53,6,21,5.0
3344,40111,14,6,17,30.0
3345,178966,53,3,9,3.0
3346,147325,36,6,22,6.0
3347,205908,51,0,13,6.0
3348,25116,25,0,16,4.0
3349,134766,18,0,21,1.0
3350,133522,34,3,9,8.0
3351,66340,13,4,5,7.0
3352,194178,7,6,11,7.0
3353,42959,1,0,12,
3354,32508,14,4,11,7.0
3355,32429,13,3,17,1.0
3356,136558,71,3,9,1.0
3357,177853,13,2,14,7.0
3358,13406,12,6,10,7.0
3359,19875,70,1,16,3.0
3360,118473,8,1,9,3.0
3361,26591,1,6,15,
3362,84926,13,6,10,15.0
3363,124636,71,2,13,1.0
3364,37562,12,0,14,4.0
3365,112555,18,5,14,5.0
3366,204829,1,3,11,
3367,170542,28,4,16,4.0
3368,32789,21,5,16,9.0
3369,48465,5,4,16,0.0
3370,138149,27,1,16,2.0
3371,203085,27,2,14,5.0
3372,83979,16,2,20,2.0
3373,151740,4,5,11,30.0
3374,203115,8,5,6,27.0
3375,66171,25,6,14,2.0
3376,16573,7,5,8,10.0
3377,63075,20,4,19,2.0
3378,68007,7,1,16,30.0
3379,85964,1,0,8,
3380,135783,7,1,9,30.0
3381,170246,7,1,10,8.0
3382,23266,28,1,22,5.0
3383,176212,35,4,17,3.0
3384,115504,21,1,15,22.0
3385,13289,9,0,19,14.0
3386,190853,10,5,17,2.0
3387,175450,9,1,19,17.0
3388,21470,4,2,17,14.0
3389,25321,18,0,15,6.0
3390,50909,4,5,10,14.0
3391,83971,27,1,12,6.0
3392,171380,23,0,13,16.0
3393,163442,29,4,11,3.0
3394,179269,36,6,10,6.0
3395,204313,3,0,14,30.0
3396,35085,7,5,14,10.0
3397,121772,40,2,13,10.0
3398,56413,2,5,12,7.0
3399,202163,16,2,15,1.0
3400,51507,21,0,11,7.0
3401,42953,14,4,18,14.0
3402,193226,7,0,9,21.0
3403,68558,27,0,13,11.0
3404,166695,20,1,9,8.0
3405,156616,28,3,20,3.0
3406,183539,25,6,18,0.0
3407,127523,71,1,14,3.0
3408,128037,4,0,22,10.0
3409,87958,23,3,19,1.0
3410,26072,9,1,19,16.0
3411,25747,13,3,9,28.0
3412,87522,10,2,11,5.0
3413,170325,58,2,10,6.0
3414,151437,4,0,14,8.0
3415,171296,12,4,12,6.0
3416,180785,23,4,15,3.0
3417,166512,28,6,9,5.0
3418,199625,41,0,7,3.0
3419,182020,1,3,19,
3420,131597,3,6,17,21.0
3421,158415,8,3,9,3.0
3422,192743,8,0,15,20.0
3423,100474,4,4,15,2.0
3424,114747,15,3,13,6.0
3425,132704,13,0,13,14.0
3426,170703,20,3,14,12.0
3427,149942,41,0,10,7.0
3428,27281,2,3,15,8.0
3429,180332,11,5,11,19.0
3430,194290,18,0,10,8.0
3431,5963,25,4,10,10.0
3432,183499,11,3,17,17.0
3433,117219,4,1,14,13.0
3434,73506,39,6,17,6.0
3435,34065,47,3,14,3.0
3436,162421,12,3,8,22.0
3437,192934,3,0,14,16.0
3438,28963,13,0,16,7.0
3439,47368,2,1,13,21.0
3440,188750,29,2,23,2.0
3441,35704,31,2,12,7.0
3442,193798,2,0,13,6.0
3443,58017,4,3,10,18.0
3444,124031,2,5,15,3.0
3445,27466,12,6,12,7.0
3446,31419,2,1,14,30.0
3447,12025,30,6,9,7.0
3448,39218,8,1,8,4.0
3449,208,2,1,11,30.0
3450,162249,13,3,7,3.0
3451,7309,9,3,18,3.0
3452,508,6,4,16,9.0
3453,189949,1,5,12,
3454,122422,4,6,11,24.0
3455,38765,11,6,14,11.0
3456,30096,38,2,15,5.0
3457,125200,21,1,15,13.0
3458,153817,5,1,10,19.0
3459,155597,17,0,12,2.0
3460,197427,48,4,16,7.0
3461,9094,1,0,15,
3462,4865,11,4,10,5.0
3463,84615,13,0,15,1.0
3464,106543,18,5,16,11.0
3465,30625,11,5,11,5.0
3466,20719,7,1,4,11.0
3467,23845,5,6,17,12.0
3468,121857,13,4,9,0.0
3469,192752,42,3,8,6.0
3470,144956,8,5,20,7.0
3471,150888,2,5,23,9.0
3472,154441,2,1,13,7.0
3473,71778,54,1,9,8.0
3474,174448,21,2,11,3.0
3475,110528,20,2,15,28.0
3476,61640,6,3,17,5.0
3477,54625,19,3,22,11.0
3478,118462,30,4,16,19.0
3479,149798,52,5,14,7.0
3480,33240,1,6,17,
3481,171596,4,1,14,5.0
3482,139140,9,1,15,8.0
3483,126587,7,2,14,9.0
3484,51956,14,0,15,18.0
3485,58853,47,5,17,1.0
3486,84987,8,4,13,12.0
3487,142288,4,0,10,19.0
3488,66781,9,5,17,11.0
3489,81957,14,2,7,11.0
3490,171102,1,1,11,
3491,85452,15,1,12,7.0
3492,29623,79,2,16,1.0
3493,137771,48,1,8,7.0
3494,190055,11,1,10,28.0
3495,155078,11,6,13,9.0
3496,195304,84,2,10,6.0
3497,33475,23,1,18,9.0
3498,14934,14,4,14,11.0
3499,150784,55,0,18,7.0
3500,149942,13,4,22,5.0
3501,89535,18,5,16,30.0
3502,112847,11,0,12,2.0
3503,78408,2,6,17,6.0
3504,45405,19,1,19,1.0
3505,179062,12,1,12,30.0
3506,170679,67,3,14,1.0
3507,12522,9,4,14,18.0
3508,43365,74,0,10,5.0
3509,184303,4,4,16,30.0
3510,86798,63,1,14,3.0
3511,185763,10,1,16,15.0
3512,73090,35,3,11,7.0
3513,5441,3,4,20,13.0
3514,105928,44,3,19,0.0
3515,160975,22,4,19,2.0
3516,123169,19,1,9,7.0
3517,130809,84,6,9,6.0
3518,144275,47,2,12,14.0
3519,144931,6,2,8,30.0
3520,199306,22,3,15,1.0
3521,124020,16,0,15,10.0
3522,127046,29,1,15,7.0
3523,25412,28,1,1,5.0
3524,66902,2,5,16,12.0
3525,178866,15,1,12,6.0
3526,137942,8,1,19,12.0
3527,21515,9,4,22,4.0
3528,113217,3,4,19,6.0
3529,286,4,4,9,19.0
3530,31895,1,0,10,
3531,132077,1,2,10,
3532,68317,55,2,19,2.0
3533,109593,5,1,10,30.0
3534,11176,13,0,14,3.0
3535,144335,18,3,14,10.0
3536,51867,33,0,16,5.0
3537,159140,26,5,16,18.0
3538,62354,23,3,21,3.0
3539,59663,12,1,5,5.0
3540,185828,1,0,7,
3541,156203,5,2,13,27.0
3542,125693,17,5,9,7.0
3543,168438,4,6,1,13.0
3544,161830,16,4,13,7.0
3545,168902,7,2,10,8.0
3546,107888,29,0,15,7.0
3547,93208,33,6,11,7.0
3548,182792,2,3,16,7.0
3549,161002,95,1,13,3.0
3550,76049,16,2,10,0.0
3551,164962,9,6,12,19.0
3552,138549,6,1,16,6.0
3553,134421,22,6,10,7.0
3554,138964,15,1,10,14.0
3555,38495,86,1,17,3.0
3556,55664,11,0,14,6.0
3557,131726,29,0,9,14.0
3558,818,55,2,20,1.0
3559,154748,7,5,10,3.0
3560,57970,3,4,5,26.0
3561,86218,24,3,7,5.0
3562,114918,40,3,16,11.0
3563,6990,29,0,10,22.0
3564,34362,62,3,10,1.0
3565,155271,11,2,14,7.0
3566,63995,2,2,12,13.0
3567,149284,23,0,12,14.0
3568,181350,3,0,14,22.0
3569,136066,76,4,15,3.0
3570,17930,5,6,8,30.0
3571,30603,3,3,16,7.0
3572,165879,1,2,19,
3573,187589,29,1,22,14.0
3574,76272,88,4,9,4.0
3575,144456,12,6,12,20.0
3576,177863,10,0,9,4.0
3577,182306,46,3,7,9.0
3578,33436,19,2,12,11.0
3579,50111,14,2,9,4.0
3580,133464,10,6,8,7.0
3581,103169,5,3,11,2.0
3582,115961,27,4,13,7.0
3583,68471,3,2,13,30.0
3584,183638,7,3,17,6.0
3585,86810,1,2,11,
3586,89349,42,0,7,6.0
3587,128933,7,0,11,15.0
3588,53160,15,6,10,5.0
3589,180039,3,5,10,30.0
3590,88275,45,1,10,4.0
3591,96308,1,1,13,
3592,194394,7,6,16,6.0
3593,187848,10,2,7,30.0
3594,8340,30,3,17,21.0
3595,41026,81,4,17,0.0
3596,116331,49,3,20,2.0
3597,158318,1,0,14,
3598,96075,3,4,20,7.0
3599,92832,1,6,18,
3600,52949,13,4,12,4.0
3601,110568,31,0,9,7.0
3602,159939,5,5,19,9.0
3603,38453,2,0,16,6.0
3604,43323,4,3,19,30.0
3605,83241,13,6,8,7.0
3606,97364,10,0,11,26.0
3607,39278,30,0,11,9.0
3608,42307,41,3,15,4.0
3609,25540,5,4,16,5.0
3610,193551,8,5,12,4.0
3611,107384,15,4,11,10.0
3612,105132,9,6,19,5.0
3613,88133,4,1,12,1.0
3614,176662,25,2,13,3.0
3615,163375,72,6,18,5.0
3616,67842,1,0,15,
3617,103863,38,2,18,1.0
3618,199470,14,5,14,2.0
3619,94928,5,0,14,9.0
3620,143708,7,5,21,6.0
3621,14584,9,5,14,30.0
3622,134782,1,6,16,
3623,149582,20,2,16,7.0
3624,185815,4,3,15,18.0
3625,125715,60,4,8,4.0
3626,15682,10,0,10,14.0
3627,105768,11,2,18,10.0
3628,161628,23,1,10,6.0
3629,54330,69,4,13,3.0
3630,28120,7,2,11,30.0
3631,120744,12,6,19,13.0
3632,14332,43,2,16,2.0
3633,131086,43,2,19,2.0
3634,57633,11,5,14,5.0
3635,29570,11,0,10,12.0
3636,180352,20,3,12,2.0
3637,89235,2,2,23,14.0
3638,188454,2,1,18,27.0
3639,51198,8,2,16,9.0
3640,60707,21,0,16,6.0
3641,173132,16,1,10,3.0
3642,101296,2,2,15,30.0
3643,146188,4,6,14,30.0
3644,109681,36,6,15,12.0
3645,148001,3,4,11,13.0
3646,34654,20,3,11,7.0
3647,163789,17,6,17,5.0
3648,171850,76,5,16,1.0
3649,4483,8,3,7,30.0
3650,71789,29,3,15,2.0
3651,100262,9,4,14,11.0
3652,11562,7,5,15,25.0
3653,109592,1,5,14,
3654,177787,24,1,9,7.0
3655,1344,22,3,13,0.0
3656,190560,11,1,17,30.0
3657,89471,36,6,8,3.0
3658,139275,2,4,15,29.0
3659,180019,1,6,21,
3660,5575,2,6,13,27.0
3661,120002,5,0,13,7.0
3662,52511,9,0,11,7.0
3663,110708,1,0,9,
3664,85920,8,5,17,16.0
3665,104052,17,6,22,26.0
3666,1602,8,0,11,30.0
3667,196271,3,5,10,6.0
3668,9159,3,4,21,6.0
3669,100911,1,0,17,
3670,25433,61,1,9,10.0
3671,3657,2,4,14,5.0
3672,43329,30,3,19,2.0
3673,176615,12,3,12,9.0
3674,45628,41,2,17,3.0
3675,174778,15,1,14,7.0
3676,71532,1,4,14,
3677,151126,29,2,20,11.0
3678,183606,11,3,15,13.0
3679,58605,2,5,18,0.0
3680,70401,15,2,12,7.0
3681,139326,30,3,19,9.0
3682,32134,10,4,12,30.0
3683,137594,11,2,11,15.0
3684,203545,17,1,10,7.0
3685,35692,3,6,6,3.0
3686,110694,32,1,14,3.0
3687,144483,1,5,8,
3688,92658,42,2,9,7.0
3689,107068,14,0,11,8.0
3690,150860,6,2,8,4.0
3691,193777,5,0,15,6.0
3692,55212,4,2,6,30.0
3693,65708,49,3,15,4.0
3694,170674,3,6,14,14.0
3695,96214,8,5,9,14.0
3696,21516,54,3,9,8.0
3697,163336,15,1,13,8.0
3698,180353,15,3,16,20.0
3699,198559,16,5,11,12.0
3700,105934,21,6,18,19.0
3701,162722,48,1,8,2.0
3702,101027,4,4,16,30.0
3703,64658,10,6,13,8.0
3704,140809,59,5,13,0.0
3705,79510,52,5,17,14.0
3706,172481,19,6,9,30.0
3707,118810,16,1,10,6.0
3708,86997,3,6,21,30.0
3709,202521,39,6,10,6.0
3710,143707,1,0,10,
3711,122027,2,3,18,1.0
3712,50451,9,1,18,15.0
3713,92952,28,1,11,7.0
3714,43062,15,5,9,4.0
3715,89251,15,4,19,2.0
3716,114844,18,2,16,9.0
3717,39088,1,5,14,
3718,122241,16,2,15,5.0
3719,21819,40,1,13,1.0
3720,110023,15,5,17,3.0
3721,24206,10,1,17,4.0
3722,70414,8,2,8,30.0
3723,108217,21,6,16,23.0
3724,143095,14,3,11,22.0
3725,7962,19,2,15,5.0
3726,48512,7,1,20,8.0
3727,17173,23,0,18,9.0
3728,164576,7,6,7,14.0
3729,201012,17,0,13,6.0
3730,195673,3,2,15,13.0
3731,179931,2,0,9,30.0
3732,90930,46,0,9,2.0
3733,605,6,1,17,30.0
3734,83522,4,1,13,0.0
3735,169997,1,6,12,
3736,116415,13,3,11,3.0
3737,58966,2,5,15,13.0
3738,149665,4,0,11,24.0
3739,62985,26,3,16,8.0
3740,144433,6,3,12,14.0
3741,12010,15,3,11,7.0
3742,196770,61,5,12,3.0
3743,160559,1,1,6,
3744,173927,21,1,16,10.0
3745,189696,4,0,9,3.0
3746,192347,21,1,9,3.0
3747,103716,6,4,9,2.0
3748,201891,8,4,16,2.0
3749,179324,20,0,12,8.0
3750,148917,76,1,12,2.0
3751,12672,9,0,14,7.0
3752,189074,5,1,19,5.0
3753,120377,43,0,13,2.0
3754,4176,20,3,11,2.0
3755,132823,8,4,15,17.0
3756,47624,39,0,12,5.0
3757,8506,15,1,13,7.0
3758,68145,17,0,8,7.0
3759,205784,27,6,19,18.0
3760,117396,1,0,13,
3761,4931,2,5,17,7.0
3762,127867,6,1,12,14.0
3763,22865,16,5,11,29.0
3764,26708,17,1,8,7.0
3765,185632,12,2,15,29.0
3766,151451,3,4,7,3.0
3767,111814,72,1,8,2.0
3768,173509,5,3,19,5.0
3769,147834,47,1,13,2.0
3770,96296,41,6,17,1.0
3771,20197,3,1,19,29.0
3772,174384,12,2,8,30.0
3773,64821,1,2,13,
3774,61331,9,2,11,30.0
3775,104184,12,2,9,13.0
3776,50201,4,1,18,28.0
3777,53572,1,6,17,
3778,153352,7,3,8,8.0
3779,19500,73,4,16,4.0
3780,27526,1,2,15,
3781,83898,4,1,22,0.0
3782,149095,17,4,18,4.0
3783,191277,20,3,9,2.0
3784,70984,15,1,18,2.0
3785,167703,35,0,18,7.0
3786,81678,26,5,19,0.0
3787,14867,4,1,18,5.0
3788,143752,24,0,10,12.0
3789,16986,40,1,13,7.0
3790,93470,31,1,11,7.0
3791,170459,5,0,13,12.0
3792,22835,1,6,15,
3793,116181,13,0,5,22.0
3794,74086,29,0,15,2.0
3795,139513,14,1,9,24.0
3796,27027,5,3,14,13.0
3797,6577,38,1,11,14.0
3798,202304,41,6,10,2.0
3799,3962,4,3,13,8.0
3800,173721,6,4,11,3.0
3801,169068,58,2,9,1.0
3802,164326,12,3,14,3.0
3803,163803,9,2,13,6.0
3804,197870,8,4,12,8.0
3805,178736,60,1,14,5.0
3806,141045,12,4,12,12.0
3807,2383,30,1,15,0.0
3808,61731,10,1,9,16.0
3809,19468,5,4,13,1.0
3810,139292,32,5,13,2.0
3811,150394,14,0,21,30.0
3812,47277,7,6,17,13.0
3813,101919,2,3,18,6.0
3814,81121,1,5,16,
3815,15572,25,0,14,4.0
3816,80494,25,6,16,4.0
3817,7172,23,3,13,7.0
3818,128568,17,1,19,10.0
3819,97381,16,6,16,7.0
3820,152903,1,1,13,
3821,83784,28,1,22,6.0
3822,159690,6,1,23,9.0
3823,67227,67,1,11,7.0
3824,13212,3,2,17,7.0
3825,171573,7,6,8,10.0
3826,85306,13,2,15,5.0
3827,137672,4,2,12,22.0
3828,73828,9,6,9,4.0
3829,88627,3,0,9,14.0
3830,158868,13,1,9,30.0
3831,78410,5,0,16,14.0
3832,95905,5,4,8,3.0
3833,114006,9,5,11,13.0
3834,2371,26,6,17,8.0
3835,118644,5,5,1,3.0
3836,137456,16,1,7,9.0
3837,155431,33,4,19,15.0
3838,6320,13,6,14,26.0
3839,141516,5,6,9,7.0
3840,143245,30,4,22,20.0
3841,60944,7,5,8,1.0
3842,192056,10,4,9,3.0
3843,77636,35,5,18,28.0
3844,54691,10,2,18,9.0
3845,103647,6,0,18,7.0
3846,100321,5,0,14,14.0
3847,27594,3,2,9,15.0
3848,54844,21,5,18,0.0
3849,176738,11,2,18,13.0
3850,204967,2,3,9,5.0
3851,42789,8,1,9,4.0
3852,151618,18,2,8,4.0
3853,99802,30,0,16,8.0
3854,58541,3,3,8,29.0
3855,79661,43,1,16,28.0
3856,133515,6,3,20,19.0
3857,163860,47,4,11,0.0
3858,176212,45,0,20,0.0
3859,119290,3,0,16,6.0
3860,126599,9,1,14,2.0
3861,148593,10,3,14,6.0
3862,61760,2,0,11,30.0
3863,60182,4,1,18,30.0
3864,123208,9,5,8,5.0
3865,9095,30,1,20,30.0
3866,144574,4,0,18,30.0
3867,59971,12,6,18,30.0
3868,197610,19,5,8,5.0
3869,53854,7,0,18,13.0
3870,62094,36,3,9,14.0
3871,159534,5,0,7,30.0
3872,167677,5,3,8,4.0
3873,154184,8,2,12,30.0
3874,68195,5,2,11,0.0
3875,26846,3,6,14,22.0
3876,95471,62,4,19,4.0
3877,169326,2,2,20,30.0
3878,73256,9,6,13,4.0
3879,198021,22,2,22,18.0
3880,54151,4,0,12,4.0
3881,34383,3,3,19,10.0
3882,125449,18,1,16,6.0
3883,87402,29,6,17,6.0
3884,82872,15,0,10,22.0
3885,45129,39,3,11,15.0
3886,119076,9,0,11,7.0
3887,177855,25,1,16,6.0
3888,90020,27,2,11,9.0
3889,130284,14,0,16,5.0
3890,187697,17,3,16,15.0
3891,155501,36,0,11,12.0
3892,176959,45,5,17,5.0
3893,49902,55,3,22,4.0
3894,29067,22,3,13,7.0
3895,9492,1,0,15,
3896,132519,4,1,7,11.0
3897,43823,4,3,20,30.0
3898,141651,7,2,8,30.0
3899,76041,13,4,11,7.0
3900,20383,49,3,14,4.0
3901,82113,8,6,14,30.0
3902,175913,27,5,18,11.0
3903,163354,5,0,15,29.0
3904,120019,8,4,5,2.0
3905,64832,8,2,13,15.0
3906,120525,4,6,23,5.0
3907,101198,20,3,16,10.0
3908,6739,11,1,12,18.0
3909,79279,97,0,13,1.0
3910,83554,3,3,16,6.0
3911,51880,16,6,14,4.0
3912,167674,3,5,12,25.0
3913,78296,40,2,15,5.0
3914,22963,48,2,11,4.0
3915,80387,6,0,22,14.0
3916,159909,85,2,18,1.0
3917,179529,44,1,14,6.0
3918,52153,12,1,18,6.0
3919,115669,14,0,21,15.0
3920,20835,12,0,19,4.0
3921,4218,17,3,16,13.0
3922,111308,8,6,17,8.0
3923,148615,32,1,17,22.0
3924,167255,11,4,22,19.0
3925,69469,26,2,11,21.0
3926,184021,32,5,10,5.0
3927,583,31,0,13,19.0
3928,124514,6,4,14,4.0
3929,26890,1,0,9,
3930,166304,16,0,16,1.0
3931,12691,4,0,12,25.0
3932,156766,7,0,12,30.0
3933,201358,27,1,19,4.0
3934,17806,15,5,11,6.0
3935,73686,19,0,16,11.0
3936,51199,3,1,14,26.0
3937,79854,65,4,7,3.0
3938,78126,28,5,9,10.0
3939,122038,3,4,15,9.0
3940,86255,4,0,11,30.0
3941,161585,13,2,8,16.0
3942,131915,4,4,18,7.0
3943,102230,1,0,11,
3944,195399,43,6,15,8.0
3945,176750,31,6,10,3.0
3946,108416,6,6,14,30.0
3947,177943,44,0,18,5.0
3948,32165,64,5,10,30.0
3949,63567,1,5,17,
3950,118718,6,4,14,6.0
3951,204108,34,5,7,12.0
3952,8309,4,0,15,27.0
3953,42064,82,5,22,4.0
3954,109809,12,3,15,2.0
3955,121703,1,2,20,
3956,157523,30,2,17,5.0
3957,159235,10,0,15,8.0
3958,80583,16,3,10,7.0
3959,143135,53,0,10,3.0
3960,99460,14,4,13,2.0
3961,160661,4,0,12,30.0
3962,177848,45,3,21,3.0
3963,156327,5,4,16,6.0
3964,188017,27,0,8,12.0
3965,54440,7,2,18,5.0
3966,96521,2,4,7,3.0
3967,198085,14,5,12,5.0
3968,77173,30,4,14,20.0
3969,131309,3,0,20,14.0
3970,58491,55,1,11,1.0
3971,127392,16,2,18,8.0
3972,185502,16,6,9,0.0
3973,143274,27,0,12,1.0
3974,161137,12,0,19,7.0
3975,41125,9,6,9,17.0
3976,190133,23,2,16,8.0
3977,76673,3,2,10,14.0
3978,46411,27,2,9,18.0
3979,172135,5,2,9,12.0
3980,54803,15,1,13,17.0
3981,70473,10,2,9,8.0
3982,41725,1,1,16,
3983,158098,6,0,10,2.0
3984,82969,9,1,19,19.0
3985,83190,2,1,16,13.0
3986,109560,1,5,16,
3987,134538,1,2,13,
3988,130510,20,2,9,21.0
3989,2646,46,1,11,2.0
3990,21163,4,1,4,7.0
3991,199614,3,1,9,9.0
3992,27726,9,2,6,12.0
3993,63004,7,0,17,2.0
3994,55509,3,0,15,2.0
3995,16307,19,6,18,25.0
3996,186234,17,1,18,7.0
3997,101722,5,2,23,17.0
3998,62242,18,4,8,3.0
3999,99341,11,2,21,7.0
4000,57725,3,4,17,30.0
4001,98421,2,2,11,12.0
4002,104944,8,4,7,4.0
4003,32208,13,1,13,18.0
4004,79152,4,0,16,30.0
4005,191511,54,6,12,5.0
4006,22622,10,4,18,10.0
4007,36166,9,2,15,1.0
4008,177830,4,2,14,11.0
4009,102536,50,1,14,12.0
4010,127858,38,1,8,6.0
4011,21721,7,0,14,30.0
4012,87882,5,5,10,23.0
4013,163072,3,0,17,17.0
4014,32107,4,4,16,3.0
4015,175250,58,3,11,8.0
4016,156817,16,4,12,3.0
4017,134011,19,3,12,5.0
4018,162784,34,6,14,4.0
4019,40188,11,5,8,1.0
4020,127375,9,4,20,7.0
4021,60315,16,3,11,3.0
4022,142090,25,1,10,7.0
4023,123250,7,5,17,16.0
4024,187400,5,2,23,24.0
4025,149882,8,3,13,20.0
4026,185460,5,5,12,4.0
4027,70774,29,3,12,3.0
4028,153471,26,3,10,3.0
4029,101588,41,0,21,16.0
4030,129552,8,4,3,7.0
4031,56337,63,4,16,3.0
4032,118489,3,5,14,1.0
4033,61756,16,2,18,13.0
4034,95061,55,0,10,7.0
4035,19868,14,0,14,30.0
4036,152943,5,1,16,30.0
4037,86012,1,2,20,
4038,74430,8,1,20,30.0
4039,9401,11,1,10,2.0
4040,142222,16,0,17,12.0
4041,37314,26,0,15,14.0
4042,197669,14,5,11,2.0
4043,24704,4,1,17,30.0
4044,11603,8,3,10,4.0
4045,50109,4,4,16,1.0
4046,130915,38,2,23,1.0
4047,143334,2,5,7,16.0
4048,69101,13,2,8,30.0
4049,7792,39,4,12,5.0
4050,35476,15,3,8,9.0
4051,173731,4,6,13,14.0
4052,137688,17,3,20,25.0
4053,104530,11,1,4,17.0
4054,84604,27,3,10,7.0
4055,33552,34,3,11,15.0
4056,7020,4,2,12,30.0
4057,204751,17,4,17,7.0
4058,76106,2,1,12,12.0
4059,78038,11,0,18,8.0
4060,38711,4,5,15,5.0
4061,113097,20,0,19,5.0
4062,49611,9,5,8,16.0
4063,172885,5,6,9,30.0
4064,173186,52,5,11,7.0
4065,15383,4,6,16,17.0
4066,78309,44,6,14,5.0
4067,179095,15,3,17,30.0
4068,193173,19,0,16,21.0
4069,42964,9,6,7,26.0
4070,180551,38,1,16,2.0
4071,155789,1,1,14,
4072,95761,13,1,14,4.0
4073,46050,5,6,15,6.0
4074,34389,1,0,8,
4075,126715,17,5,8,3.0
4076,187190,11,1,11,30.0
4077,14773,17,5,7,7.0
4078,162921,73,1,15,1.0
4079,20796,4,3,15,30.0
4080,120585,6,0,10,6.0
4081,91946,16,0,9,7.0
4082,182306,37,1,9,5.0
4083,39488,2,0,13,4.0
4084,50074,39,5,11,2.0
4085,55076,5,5,0,30.0
4086,119608,6,6,7,17.0
4087,170711,1,2,3,
4088,26113,10,4,13,17.0
4089,10888,58,2,9,5.0
4090,96792,7,4,13,30.0
4091,139517,13,0,12,30.0
4092,23057,27,6,14,14.0
4093,68249,19,4,8,9.0
4094,3273,26,0,11,7.0
4095,184135,23,2,8,1.0
4096,139469,16,1,10,14.0
4097,3456,23,4,15,9.0
4098,188386,12,0,17,3.0
4099,32591,4,5,7,30.0
4100,110982,4,5,8,30.0
4101,151489,39,0,10,2.0
4102,116884,11,5,16,14.0
4103,5938,2,5,18,24.0
4104,165411,25,6,13,14.0
4105,25781,6,0,14,21.0
4106,41163,1,4,12,
4107,58994,2,2,9,30.0
4108,160893,16,0,19,7.0
4109,116741,4,6,19,6.0
4110,199709,11,5,10,15.0
4111,33740,8,5,20,17.0
4112,134204,21,5,15,18.0
4113,103976,2,2,8,15.0
4114,100165,12,6,15,4.0
4115,115296,3,0,12,30.0
4116,162753,6,0,20,1.0
4117,202059,36,6,20,7.0
4118,149871,7,3,16,12.0
4119,154645,37,0,14,1.0
4120,167611,35,1,9,7.0
4121,167491,20,1,12,3.0
4122,110197,12,1,8,7.0
4123,154424,3,0,17,7.0
4124,111134,7,1,17,16.0
4125,29623,76,3,23,0.0
4126,183620,2,0,15,8.0
4127,67886,2,6,12,8.0
4128,153413,7,0,22,5.0
4129,182942,20,6,9,5.0
4130,44229,6,2,8,13.0
4131,149853,3,1,14,30.0
4132,141464,12,0,13,7.0
4133,89779,30,6,17,7.0
4134,101099,47,6,11,7.0
4135,39648,9,3,6,6.0
4136,149793,9,2,14,8.0
4137,166398,3,6,12,30.0
4138,121272,5,2,8,30.0
4139,25544,10,4,13,30.0
4140,122994,34,0,23,7.0
4141,90402,10,5,12,3.0
4142,189365,4,0,16,6.0
4143,124134,9,6,14,30.0
4144,107177,51,3,12,22.0
4145,91003,4,4,16,11.0
4146,133280,35,0,13,6.0
4147,151466,5,3,7,26.0
4148,92382,10,5,14,30.0
4149,131865,25,0,11,2.0
4150,102427,3,3,10,12.0
4151,28467,1,3,18,
4152,110975,11,4,17,26.0
4153,75437,57,1,15,1.0
4154,53936,9,4,1,11.0
4155,94277,10,0,6,2.0
4156,81935,6,4,13,6.0
4157,145672,8,4,7,4.0
4158,109602,9,3,12,7.0
4159,13451,11,1,13,21.0
4160,146529,6,3,14,30.0
4161,137055,6,5,9,7.0
4162,85290,28,2,20,5.0
4163,222,68,2,10,1.0
4164,53847,7,1,10,30.0
4165,201135,7,5,7,2.0
4166,103873,14,2,9,1.0
4167,172868,6,1,9,20.0
4168,94411,6,2,12,21.0
4169,197006,26,1,11,7.0
4170,105190,2,0,14,21.0
4171,4900,8,1,10,5.0
4172,123614,5,3,22,12.0
4173,194075,6,4,13,14.0
4174,27108,15,4,12,2.0
4175,39176,62,3,8,2.0
4176,175456,2,3,14,26.0
4177,191299,3,0,13,11.0
4178,124239,44,2,17,4.0
4179,46000,31,4,18,12.0
4180,141374,19,2,20,10.0
4181,63989,21,2,16,7.0
4182,13657,1,4,11,
4183,184658,6,0,11,8.0
4184,122845,8,0,10,15.0
4185,95044,35,0,15,7.0
4186,204314,18,0,16,7.0
4187,40809,23,1,9,9.0
4188,191847,9,4,10,8.0
4189,30091,27,3,12,14.0
4190,54314,18,1,10,7.0
4191,44089,22,1,12,7.0
4192,74886,2,3,16,2.0
4193,103951,13,0,11,3.0
4194,186124,6,6,15,30.0
4195,179391,12,4,11,10.0
4196,175611,18,0,18,3.0
4197,133983,44,1,16,3.0
4198,102127,7,0,9,30.0
4199,179958,52,5,8,14.0
4200,190529,1,4,22,
4201,154864,12,0,19,30.0
4202,166902,51,6,11,4.0
4203,71669,6,0,12,30.0
4204,148335,25,2,16,7.0
4205,61197,8,6,16,7.0
4206,4218,9,3,17,15.0
4207,24206,15,1,17,3.0
4208,86844,1,3,19,
4209,21151,13,0,11,7.0
4210,168883,14,5,8,18.0
4211,163857,16,2,12,12.0
4212,201183,9,3,9,16.0
4213,129044,3,2,9,7.0
4214,136680,26,3,11,6.0
4215,112121,1,5,13,
4216,100833,58,3,17,0.0
4217,26430,4,4,10,15.0
4218,93212,35,2,6,2.0
4219,33083,20,3,14,5.0
4220,29530,38,4,10,2.0
4221,87631,3,0,15,30.0
4222,33719,2,1,19,12.0
4223,180426,9,4,15,30.0
4224,178357,3,1,14,12.0
4225,25351,3,0,10,12.0
4226,126290,4,0,22,6.0
4227,82625,15,5,18,30.0
4228,86173,15,3,1,1.0
4229,84820,53,1,14,4.0
4230,88541,17,2,10,7.0
4231,186362,5,2,13,24.0
4232,57704,41,0,7,1.0
4233,148902,40,0,16,2.0
4234,40150,14,0,7,20.0
4235,180544,15,5,14,2.0
4236,15741,7,6,15,30.0
4237,101764,34,0,21,6.0
4238,123143,97,1,10,3.0
4239,88248,24,3,13,8.0
4240,101831,43,5,17,20.0
4241,71784,23,3,1,9.0
4242,142566,62,1,12,8.0
4243,132815,5,6,12,21.0
4244,169404,13,0,20,2.0
4245,163067,14,6,13,4.0
4246,59100,8,4,15,7.0
4247,26123,37,4,16,3.0
4248,117440,50,3,12,2.0
4249,7663,13,5,19,3.0
4250,198530,7,5,6,30.0
4251,88217,13,5,10,30.0
4252,191198,24,3,13,1.0
4253,196082,6,1,10,3.0
4254,129196,14,1,10,6.0
4255,40738,34,6,21,7.0
4256,14766,5,2,14,12.0
4257,155027,10,5,15,7.0
4258,113911,2,6,13,9.0
4259,148576,9,1,19,8.0
4260,99418,2,2,9,27.0
4261,205177,18,0,14,4.0
4262,144304,22,6,12,4.0
4263,81294,7,2,22,28.0
4264,112686,17,6,8,15.0
4265,23023,39,1,13,8.0
4266,7682,8,0,11,22.0
4267,107978,28,4,9,10.0
4268,82424,93,1,9,3.0
4269,100133,5,6,9,30.0
4270,9734,27,4,9,8.0
4271,28730,9,4,7,7.0
4272,21166,27,2,9,8.0
4273,61896,2,5,9,30.0
4274,84186,12,0,17,21.0
4275,188014,63,2,9,2.0
4276,25966,17,6,10,2.0
4277,206206,47,2,17,0.0
4278,134411,3,1,12,3.0
4279,80640,2,4,8,14.0
4280,129247,92,3,17,4.0
4281,111081,11,3,17,5.0
4282,42962,1,0,15,
4283,94128,17,1,18,14.0
4284,163282,49,3,13,16.0
4285,181667,2,6,7,3.0
4286,183971,12,2,11,5.0
4287,16152,13,5,12,30.0
4288,165953,24,3,10,4.0
4289,10919,4,0,13,11.0
4290,79925,7,4,8,9.0
4291,29298,7,3,19,1.0
4292,143533,9,6,14,20.0
4293,85745,29,4,14,5.0
4294,90250,6,6,14,20.0
4295,149143,3,3,17,4.0
4296,85709,2,2,12,0.0
4297,31674,31,2,21,5.0
4298,65423,2,4,16,13.0
4299,129843,27,2,16,4.0
4300,139142,10,3,11,17.0
4301,118927,9,1,9,15.0
4302,95767,13,4,12,3.0
4303,137521,30,0,10,2.0
4304,24261,15,4,14,14.0
4305,177727,5,2,14,9.0
4306,201680,6,4,12,18.0
4307,173,11,3,16,2.0
4308,163822,23,5,19,10.0
4309,155465,15,1,10,30.0
4310,53897,44,5,19,7.0
4311,135761,28,2,7,4.0
4312,187334,17,1,6,7.0
4313,18287,7,1,11,6.0
4314,157094,12,2,20,6.0
4315,191814,26,1,15,9.0
4316,50362,18,6,16,6.0
4317,153628,39,1,13,6.0
4318,160521,11,4,16,5.0
4319,86194,16,3,12,9.0
4320,19432,25,2,8,3.0
4321,145630,30,1,14,10.0
4322,147626,22,3,11,3.0
4323,159986,23,1,18,6.0
4324,72201,9,2,13,14.0
4325,66588,29,3,11,6.0
4326,92336,21,1,7,8.0
4327,142950,12,4,16,6.0
4328,101261,67,3,8,2.0
4329,29596,5,4,15,10.0
4330,7331,4,6,11,27.0
4331,87834,53,4,8,3.0
4332,101433,1,1,13,
4333,188715,12,2,15,0.0
4334,179560,12,2,17,3.0
4335,162040,26,4,19,7.0
4336,96951,15,4,22,7.0
4337,44671,17,4,16,1.0
4338,191318,10,6,11,26.0
4339,6409,23,0,7,8.0
4340,155989,7,0,13,30.0
4341,153087,3,3,12,30.0
4342,56586,7,3,10,13.0
4343,74235,7,0,13,30.0
4344,150063,70,1,19,2.0
4345,98220,1,2,14,
4346,68317,23,0,19,5.0
4347,52304,4,3,16,19.0
4348,124483,16,6,13,23.0
4349,121346,18,1,10,4.0
4350,85938,6,0,20,28.0
4351,177907,2,1,20,30.0
4352,70860,15,0,11,0.0
4353,18482,29,6,20,6.0
4354,103275,19,1,9,5.0
4355,111941,33,0,14,2.0
4356,144945,4,5,12,17.0
4357,78387,2,2,10,7.0
4358,88938,6,1,12,7.0
4359,69994,7,6,18,2.0
4360,123494,16,2,13,14.0
4361,181250,12,1,17,15.0
4362,128243,2,5,16,9.0
4363,28446,13,5,19,0.0
4364,108495,70,3,11,4.0
4365,136227,8,0,9,20.0
4366,3646,1,6,10,
4367,88150,35,4,15,2.0
4368,172721,11,6,10,13.0
4369,182642,8,0,14,2.0
4370,96331,33,1,12,7.0
4371,177138,20,0,16,8.0
4372,135145,28,3,10,10.0
4373,22395,45,3,12,2.0
4374,171785,32,4,19,2.0
4375,123245,70,4,19,2.0
4376,134330,15,1,14,3.0
4377,186507,65,0,12,3.0
4378,45661,9,3,13,26.0
4379,103831,1,0,16,
4380,83608,53,4,9,3.0
4381,178824,49,2,11,3.0
4382,8926,21,3,18,26.0
4383,55706,24,1,16,8.0
4384,150917,7,2,18,3.0
4385,142034,70,6,9,2.0
4386,45297,2,1,12,7.0
4387,48224,6,3,18,16.0
4388,78677,60,2,12,2.0
4389,146561,58,0,13,5.0
4390,56315,3,1,11,30.0
4391,64895,69,5,10,1.0
4392,107007,9,2,9,30.0
4393,129630,12,2,8,13.0
4394,91737,3,0,10,7.0
4395,199280,11,0,10,15.0
4396,194011,11,3,20,30.0
4397,118297,34,3,10,3.0
4398,92284,2,4,13,19.0
4399,136184,24,4,7,4.0
4400,129963,2,1,15,30.0
4401,106483,4,6,21,24.0
4402,14809,1,5,20,
4403,175298,12,3,19,3.0
4404,128965,10,3,13,2.0
4405,29151,58,3,13,2.0
4406,146035,3,3,22,8.0
4407,121587,13,2,12,6.0
4408,123780,21,6,11,6.0
4409,57877,27,6,16,2.0
4410,28778,6,3,16,9.0
4411,158533,36,4,19,21.0
4412,150376,5,2,16,13.0
4413,3651,17,3,15,5.0
4414,198690,2,0,11,21.0
4415,198333,10,4,16,14.0
4416,139891,20,1,14,12.0
4417,6131,19,5,9,4.0
4418,35718,3,6,22,16.0
4419,144337,19,1,13,11.0
4420,13807,2,1,15,18.0
4421,80349,46,4,0,6.0
4422,115549,4,1,23,2.0
4423,42416,16,3,20,3.0
4424,176436,4,1,13,3.0
4425,199399,6,0,13,6.0
4426,92707,3,6,0,7.0
4427,151528,24,3,12,5.0
4428,27546,1,4,7,
4429,88278,14,3,10,6.0
4430,35404,56,2,18,4.0
4431,85243,19,4,11,20.0
4432,24167,9,3,12,6.0
4433,189187,2,1,21,8.0
4434,135660,2,0,8,30.0
4435,51176,25,4,10,2.0
4436,166943,34,6,12,5.0
4437,185652,12,6,9,30.0
4438,8999,6,4,8,4.0
4439,43190,40,5,8,2.0
4440,9170,1,0,12,
4441,93177,11,2,13,11.0
4442,143503,9,0,12,5.0
4443,48340,1,3,15,
4444,64576,11,1,16,28.0
4445,183044,8,6,13,26.0
4446,17001,51,2,21,5.0
4447,108092,3,4,17,30.0
4448,204322,38,4,13,5.0
4449,112437,42,0,23,6.0
4450,76100,3,2,11,30.0
4451,97264,3,3,14,0.0
4452,31427,1,0,10,
4453,12782,5,1,15,1.0
4454,91800,33,0,20,2.0
4455,101962,3,0,11,14.0
4456,86627,7,0,21,13.0
4457,72134,9,3,13,5.0
4458,89772,44,0,11,6.0
4459,134003,45,1,15,3.0
4460,158448,11,5,15,5.0
4461,136448,38,5,14,4.0
4462,90780,6,3,7,8.0
4463,184971,6,4,21,12.0
4464,13444,5,1,13,12.0
4465,81313,12,0,8,4.0
4466,177777,28,3,8,4.0
4467,103392,4,1,15,4.0
4468,148206,25,4,20,1.0
4469,41521,17,0,13,8.0
4470,192821,3,1,16,17.0
4471,134535,8,1,13,7.0
4472,170548,9,5,9,11.0
4473,161962,4,5,15,30.0
4474,95521,8,5,13,5.0
4475,140395,75,1,13,1.0
4476,179138,1,0,11,
4477,151304,49,3,13,3.0
4478,33056,12,2,10,21.0
4479,202650,4,0,19,0.0
4480,51061,5,0,10,12.0
4481,91127,6,1,22,14.0
4482,42560,7,6,11,13.0
4483,185374,3,6,16,20.0
4484,74000,21,2,7,30.0
4485,141251,43,4,20,17.0
4486,24272,1,0,21,
4487,195878,2,4,14,19.0
4488,33255,2,0,9,30.0
4489,204793,3,4,18,6.0
4490,33397,20,1,13,13.0
4491,116427,4,0,10,7.0
4492,3597,16,0,12,5.0
4493,201226,8,4,18,6.0
4494,115015,7,6,11,6.0
4495,27197,10,2,12,7.0
4496,47062,4,4,12,8.0
4497,202169,10,4,17,17.0
4498,159756,38,3,16,4.0
4499,154895,2,4,14,6.0
4500,118825,7,3,11,30.0
4501,96554,11,1,12,30.0
4502,128987,98,0,21,2.0
4503,180851,85,1,14,4.0
4504,129029,15,2,9,8.0
4505,108099,14,6,9,30.0
4506,10541,10,1,10,10.0
4507,184517,50,5,11,2.0
4508,85620,43,0,12,7.0
4509,71157,25,2,15,8.0
4510,59443,13,2,14,4.0
4511,119827,6,1,10,7.0
4512,97190,3,2,10,15.0
4513,168164,8,2,16,20.0
4514,164622,8,2,8,5.0
4515,652,66,6,13,1.0
4516,117475,5,6,11,30.0
4517,87470,11,3,8,9.0
4518,117496,4,3,16,30.0
4519,134325,4,6,16,27.0
4520,11953,28,1,10,7.0
4521,79069,15,4,12,13.0
4522,108347,15,4,11,5.0
4523,157016,12,0,20,7.0
4524,150357,5,1,15,8.0
4525,112821,24,0,22,5.0
4526,90618,1,2,12,
4527,120296,42,0,8,5.0
4528,144939,5,5,16,30.0
4529,54001,47,1,13,5.0
4530,45345,11,2,12,16.0
4531,138946,12,2,16,30.0
4532,57209,1,3,18,
4533,166795,59,1,7,10.0
4534,182957,2,3,16,30.0
4535,16226,26,3,19,6.0
4536,96195,18,0,14,7.0
4537,156927,14,6,23,10.0
4538,58123,7,1,16,1.0
4539,58259,4,3,13,21.0
4540,206162,16,4,10,16.0
4541,105100,15,0,23,12.0
4542,127311,3,2,14,24.0
4543,187843,14,3,14,10.0
4544,182644,3,3,22,13.0
4545,160964,9,6,11,19.0
4546,110448,12,6,13,3.0
4547,63206,5,2,21,30.0
4548,1623,11,6,9,20.0
4549,165667,30,2,11,5.0
4550,112526,31,4,14,3.0
4551,135215,15,3,14,28.0
4552,174133,5,5,18,16.0
4553,163105,33,0,14,7.0
4554,96721,20,2,0,14.0
4555,77130,2,4,14,17.0
4556,67699,27,0,14,18.0
4557,162544,2,6,17,8.0
4558,1242,14,6,14,0.0
4559,42955,5,4,10,5.0
4560,140576,7,5,19,0.0
4561,70754,26,5,7,3.0
4562,180573,8,1,8,7.0
4563,93266,26,2,18,8.0
4564,77171,25,6,15,3.0
4565,82445,7,4,2,30.0
4566,157715,9,1,19,7.0
4567,204999,8,0,21,16.0
4568,87629,14,1,12,5.0
4569,179519,2,4,19,19.0
4570,45587,41,6,15,6.0
4571,8265,52,4,0,3.0
4572,787,2,4,9,10.0
4573,186841,16,6,8,7.0
4574,146964,3,4,11,9.0
4575,29288,1,2,18,
4576,138644,7,6,18,7.0
4577,115851,6,1,16,30.0
4578,122323,7,1,21,11.0
4579,63417,8,6,17,30.0
4580,94423,1,5,7,
4581,196080,4,5,12,15.0
4582,70806,10,6,13,30.0
4583,53482,1,2,15,
4584,82348,8,3,14,19.0
4585,185111,3,6,11,30.0
4586,66926,27,4,16,12.0
4587,169036,18,5,10,11.0
4588,46192,20,6,15,4.0
4589,65121,14,5,7,30.0
4590,101236,9,2,11,28.0
4591,5441,7,0,12,30.0
4592,174869,2,6,15,6.0
4593,184691,52,6,17,1.0
4594,52888,9,5,9,5.0
4595,66,3,3,21,30.0
4596,29413,38,4,14,3.0
4597,169857,55,2,7,4.0
4598,113978,52,1,16,2.0
4599,148252,2,3,9,30.0
4600,184607,4,6,17,11.0
4601,72574,11,6,16,9.0
4602,186450,39,0,13,6.0
4603,198500,22,6,13,8.0
4604,4789,24,0,19,6.0
4605,14078,12,2,8,30.0
4606,49342,5,2,8,9.0
4607,190742,8,2,12,6.0
4608,185576,1,2,15,
4609,63309,23,3,16,8.0
4610,152931,2,1,15,21.0
4611,126540,9,5,8,14.0
4612,169832,15,2,9,13.0
4613,79748,26,4,17,1.0
4614,39064,2,3,13,7.0
4615,114994,9,4,9,6.0
4616,120938,3,4,9,7.0
4617,138791,18,3,8,1.0
4618,6517,3,2,10,7.0
4619,110779,7,2,17,2.0
4620,56166,5,6,20,2.0
4621,205794,25,2,17,1.0
4622,43724,19,0,16,13.0
4623,43052,19,0,17,4.0
4624,106081,5,0,15,30.0
4625,188405,15,3,16,7.0
4626,172959,7,3,18,30.0
4627,38506,9,3,12,30.0
4628,4048,2,1,21,10.0
4629,95678,2,3,14,5.0
4630,111177,3,2,19,9.0
4631,16137,3,1,11,5.0
4632,181774,3,0,17,2.0
4633,126866,9,6,18,30.0
4634,78309,15,5,9,2.0
4635,4937,5,1,22,28.0
4636,117260,33,3,16,0.0
4637,191013,9,5,12,30.0
4638,129222,4,0,14,30.0
4639,117736,19,1,16,4.0
4640,150941,3,3,15,9.0
4641,93608,51,0,14,2.0
4642,25033,14,6,13,4.0
4643,17168,3,6,12,30.0
4644,87878,16,5,12,4.0
4645,47954,9,2,12,20.0
4646,163907,8,1,12,3.0
4647,77573,10,2,8,8.0
4648,117841,77,6,14,5.0
4649,47686,10,2,14,2.0
4650,155262,2,6,8,28.0
4651,146830,48,2,18,11.0
4652,35153,52,4,11,2.0
4653,168186,10,6,9,12.0
4654,98257,42,3,8,15.0
4655,34606,15,0,22,3.0
4656,139011,72,1,10,7.0
4657,57954,22,2,11,2.0
4658,175631,16,4,7,30.0
4659,52352,62,1,13,4.0
4660,95052,9,6,17,4.0
4661,71739,6,6,9,9.0
4662,108104,26,3,10,7.0
4663,85759,4,3,16,4.0
4664,104170,3,3,16,15.0
4665,191326,5,0,13,13.0
4666,101260,9,1,18,13.0
4667,22344,11,5,8,8.0
4668,44124,8,3,17,30.0
4669,23244,10,5,8,10.0
4670,191460,8,5,12,7.0
4671,185023,7,1,9,10.0
4672,74669,27,0,9,5.0
4673,151993,13,6,22,30.0
4674,11060,9,1,15,30.0
4675,91933,20,2,10,2.0
4676,201414,2,5,18,21.0
4677,153921,4,4,4,17.0
4678,36916,44,5,14,4.0
4679,129168,12,6,8,2.0
4680,116169,27,5,16,11.0
4681,62506,8,6,11,7.0
4682,54594,60,1,16,2.0
4683,130825,3,3,13,22.0
4684,168416,3,6,12,3.0
4685,130342,64,3,8,6.0
4686,141654,12,0,15,30.0
4687,5642,15,5,16,7.0
4688,39460,23,2,15,3.0
4689,65495,64,5,12,4.0
4690,36666,30,1,14,3.0
4691,184721,16,5,10,3.0
4692,66465,23,3,19,11.0
4693,192439,21,1,14,6.0
4694,83433,13,5,8,15.0
4695,191052,14,6,11,13.0
4696,92260,10,3,11,13.0
4697,110758,13,4,14,2.0
4698,81306,6,6,11,3.0
4699,73782,10,1,21,24.0
4700,164921,3,4,10,7.0
4701,73132,2,2,14,24.0
4702,37460,7,5,21,30.0
4703,153962,12,0,14,21.0
4704,39033,36,2,10,7.0
4705,17967,32,0,17,3.0
4706,18462,3,1,18,20.0
4707,95050,16,0,15,6.0
4708,108537,10,1,13,19.0
4709,120026,2,6,10,9.0
4710,195377,8,1,10,28.0
4711,2156,12,0,18,30.0
4712,37809,16,4,13,2.0
4713,11689,1,0,10,
4714,181943,21,2,17,24.0
4715,35774,2,3,15,9.0
4716,61607,34,6,15,7.0
4717,77617,2,3,15,9.0
4718,77898,20,6,16,6.0
4719,113748,8,0,12,30.0
4720,186448,22,1,12,1.0
4721,2423,7,1,16,11.0
4722,161481,10,0,17,7.0
4723,111274,12,4,16,3.0
4724,192727,6,4,13,30.0
4725,4368,12,2,15,1.0
4726,173165,8,0,12,30.0
4727,115550,23,0,9,8.0
4728,54921,38,1,15,7.0
4729,91370,2,1,18,7.0
4730,186968,6,0,18,9.0
4731,88415,5,2,17,17.0
4732,96213,12,0,15,13.0
4733,36975,20,4,9,2.0
4734,108790,37,1,15,6.0
4735,202108,1,3,14,
4736,175707,8,5,12,7.0
4737,76989,13,1,11,9.0
4738,65730,36,1,14,8.0
4739,61236,26,2,12,13.0
4740,56041,20,1,19,7.0
4741,145822,5,3,11,4.0
4742,137426,6,5,10,18.0
4743,68964,2,2,11,30.0
4744,162424,27,0,11,8.0
4745,187018,16,0,17,1.0
4746,146390,11,4,11,15.0
4747,87626,2,4,15,30.0
4748,178034,2,6,9,7.0
4749,132187,16,2,16,5.0
4750,38643,18,1,10,30.0
4751,37732,2,0,16,7.0
4752,142841,67,6,11,5.0
4753,110705,6,3,12,20.0
4754,17317,14,0,9,6.0
4755,63428,4,5,12,16.0
4756,80971,12,2,14,5.0
4757,91538,1,6,11,
4758,1920,9,0,22,30.0
4759,18107,4,1,21,11.0
4760,38648,21,0,17,30.0
4761,195811,40,6,23,6.0
4762,41351,11,2,5,21.0
4763,52638,1,1,12,
4764,178540,45,1,14,5.0
4765,76273,4,1,19,13.0
4766,2496,40,3,11,4.0
4767,74193,22,1,10,10.0
4768,200840,6,3,13,2.0
4769,138790,5,3,16,5.0
4770,203020,80,3,8,1.0
4771,165076,17,1,11,7.0
4772,71704,10,6,18,30.0
4773,78644,25,3,9,2.0
4774,4490,70,3,9,2.0
4775,105695,4,0,22,13.0
4776,178055,18,5,17,7.0
4777,45492,3,3,11,16.0
4778,46854,13,5,21,26.0
4779,37628,25,6,18,8.0
4780,117679,5,3,8,23.0
4781,160553,11,3,9,14.0
4782,71758,2,2,18,30.0
4783,108505,34,2,13,10.0
4784,70485,2,0,15,9.0
4785,160194,4,4,12,3.0
4786,103889,5,3,9,14.0
4787,90356,10,0,15,1.0
4788,194831,18,1,15,7.0
4789,176386,21,2,10,5.0
4790,12762,4,0,16,30.0
4791,135145,17,6,11,10.0
4792,141985,14,6,13,30.0
4793,76696,2,0,20,27.0
4794,153907,26,2,9,4.0
4795,85690,58,5,10,1.0
4796,176604,20,4,14,6.0
4797,103026,1,5,15,
4798,89706,5,1,10,14.0
4799,176465,11,1,12,7.0
4800,10527,10,1,12,12.0
4801,142030,28,5,17,10.0
4802,36427,6,3,14,2.0
4803,134412,10,2,7,11.0
4804,36538,1,0,16,
4805,25121,20,3,16,30.0
4806,122051,61,1,11,4.0
4807,182215,19,1,20,12.0
4808,52335,16,3,22,8.0
4809,99051,21,0,17,6.0
4810,116592,30,1,10,2.0
4811,89110,2,0,12,7.0
4812,9161,7,5,10,13.0
4813,50733,53,2,11,9.0
4814,1423,7,6,11,6.0
4815,163311,1,1,15,
4816,188598,25,4,21,7.0
4817,79372,36,3,13,2.0
4818,52412,18,3,14,1.0
4819,44157,15,1,8,7.0
4820,49210,72,6,18,2.0
4821,104928,29,3,11,6.0
4822,167265,5,5,16,26.0
4823,197075,14,0,14,7.0
4824,138173,7,6,18,13.0
4825,84362,1,6,13,
4826,117642,8,6,12,12.0
4827,59631,25,5,17,6.0
4828,49957,19,2,11,1.0
4829,22914,10,2,15,3.0
4830,196915,12,2,15,14.0
4831,120216,34,1,11,1.0
4832,67083,10,0,12,2.0
4833,132402,16,2,17,6.0
4834,49563,31,0,18,13.0
4835,119357,7,4,22,5.0
4836,142249,4,6,13,15.0
4837,28537,2,2,11,10.0
4838,47202,46,1,14,10.0
4839,41439,8,2,15,9.0
4840,160442,30,2,12,0.0
4841,51244,12,1,14,20.0
4842,137357,62,3,12,4.0
4843,11907,17,4,21,2.0
4844,161794,11,1,21,7.0
4845,134946,12,6,22,6.0
4846,95620,3,3,16,9.0
4847,44249,13,1,9,11.0
4848,166772,6,1,16,19.0
4849,6721,34,0,12,24.0
4850,192485,15,2,9,8.0
4851,16716,20,1,11,11.0
4852,87616,39,1,12,4.0
4853,5718,16,6,14,14.0
4854,179307,30,4,8,4.0
4855,170822,4,6,16,14.0
4856,17776,4,3,10,6.0
4857,203969,26,2,9,5.0
4858,182067,10,0,15,10.0
4859,108615,1,6,13,
4860,169517,11,2,14,7.0
4861,30930,5,6,8,6.0
4862,63355,12,1,15,5.0
4863,127807,12,3,10,13.0
4864,1072,7,5,11,4.0
4865,126455,62,4,13,5.0
4866,36205,3,1,8,30.0
4867,183565,11,2,9,13.0
4868,22909,42,5,14,5.0
4869,121036,20,6,19,6.0
4870,130036,76,3,19,2.0
4871,186945,7,1,11,24.0
4872,149150,4,3,11,30.0
4873,87962,18,1,17,18.0
4874,70651,23,2,12,22.0
4875,119706,17,3,13,26.0
4876,128719,3,4,16,22.0
4877,85908,9,5,15,4.0
4878,168799,2,1,12,2.0
4879,155692,3,6,15,30.0
4880,94820,9,2,20,6.0
4881,190301,40,3,13,2.0
4882,25645,4,6,12,4.0
4883,70217,34,6,10,6.0
4884,201845,15,1,17,15.0
4885,173103,4,0,17,6.0
4886,9364,24,4,17,20.0
4887,159689,24,5,11,7.0
4888,79376,9,1,14,5.0
4889,32497,4,4,15,6.0
4890,451,16,2,8,4.0
4891,31807,2,1,14,30.0
4892,42081,19,1,22,1.0
4893,67610,23,1,10,20.0
4894,84830,9,1,2,2.0
4895,54671,9,4,9,30.0
4896,40929,38,1,12,6.0
4897,156724,20,0,12,4.0
4898,83757,5,4,14,20.0
4899,23664,39,0,14,3.0
4900,7293,35,0,9,5.0
4901,143369,31,2,16,7.0
4902,204967,24,3,17,0.0
4903,198103,17,2,11,5.0
4904,182586,25,5,11,5.0
4905,42130,2,5,14,2.0
4906,97726,9,1,12,7.0
4907,79232,43,1,10,1.0
4908,138431,3,0,3,30.0
4909,36939,31,2,11,8.0
4910,130915,11,2,12,13.0
4911,131841,3,6,0,1.0
4912,197767,3,6,13,2.0
4913,58697,23,0,16,5.0
4914,131662,6,5,15,16.0
4915,131125,52,5,12,15.0
4916,69511,28,3,14,7.0
4917,28758,8,3,14,27.0
4918,70749,12,1,12,30.0
4919,107926,19,6,18,6.0
4920,145823,57,2,14,12.0
4921,199212,34,6,16,3.0
4922,133925,9,3,10,10.0
4923,64358,23,3,9,7.0
4924,116145,39,1,9,4.0
4925,119726,20,5,9,15.0
4926,27360,16,3,15,0.0
4927,166136,79,5,13,3.0
4928,164066,14,6,15,6.0
4929,54490,15,3,11,7.0
4930,140404,3,3,5,30.0
4931,160092,14,0,18,30.0
4932,176272,1,3,15,
4933,68425,14,3,15,11.0
4934,142015,6,0,17,30.0
4935,170218,16,5,18,0.0
4936,152538,36,3,13,2.0
4937,47336,17,0,13,2.0
4938,59095,8,2,20,5.0
4939,71637,47,5,15,2.0
4940,25141,25,0,18,0.0
4941,157341,25,2,18,1.0
4942,69929,1,1,16,
4943,185128,8,1,18,9.0
4944,113372,8,6,21,9.0
4945,5098,2,5,13,5.0
4946,130284,34,2,14,6.0
4947,137183,20,6,9,19.0
4948,17964,51,4,12,1.0
4949,3974,26,3,18,13.0
4950,78178,31,2,16,8.0
4951,83071,44,2,11,30.0
4952,81290,11,1,18,30.0
4953,94107,1,1,16,
4954,39165,1,6,14,
4955,11755,47,5,22,7.0
4956,132251,3,6,18,24.0
4957,203927,4,5,12,7.0
4958,178573,3,0,9,30.0
4959,119221,1,2,22,
4960,102167,3,5,18,20.0
4961,169384,1,5,14,
4962,158652,3,2,11,10.0
4963,91556,17,1,14,3.0
4964,30650,15,5,15,2.0
4965,17896,50,1,9,4.0
4966,164868,1,2,14,
4967,103448,6,5,14,20.0
4968,41555,5,6,18,26.0
4969,182090,3,0,7,7.0
4970,123736,6,0,15,14.0
4971,143363,2,1,15,11.0
4972,63236,5,1,19,0.0
4973,199005,48,5,10,4.0
4974,23601,3,0,14,30.0
4975,115945,14,1,19,10.0
4976,37396,7,2,10,28.0
4977,194758,21,2,8,9.0
4978,9006,11,2,18,9.0
4979,83942,23,4,10,5.0
4980,179300,24,6,14,3.0
4981,8384,5,2,12,30.0
4982,43576,23,6,13,16.0
4983,99608,33,1,10,10.0
4984,21265,12,2,8,8.0
4985,196057,5,1,21,5.0
4986,68880,54,4,13,1.0
4987,178325,22,4,7,8.0
4988,74025,20,0,1,2.0
4989,67359,10,0,19,8.0
4990,70221,12,1,8,8.0
4991,179528,1,0,17,
4992,158780,34,1,8,6.0
4993,49618,8,6,10,14.0
4994,41731,2,0,14,14.0
4995,182530,22,0,17,7.0
4996,106735,5,2,9,8.0
4997,69723,1,6,17,
4998,109196,21,4,16,24.0
4999,43906,2,3,10,6.0
5000,97539,45,4,9,5.0
